Load ID,Carrier,Truck Number,Driver,Status,Latitude,Longitude,City,State,Timestamp,ETA,Miles Remaining,Speed MPH,Temperature F,Event Type,Notes
CW-70665,Coastal Freight Lines,T-2704,Howard Lopez,delivered,30.5243,-87.3341,Pensacola,FL,2025-05-10 00:00:00,2025-05-11,1052,0,,pickup_arrived,
CW-70665,Coastal Freight Lines,T-2704,Howard Lopez,delivered,32.5194,-86.6449,Daytona Beach,FL,2025-05-10 08:00:00,2025-05-12,877,60,,pickup_departed,
CW-70665,Coastal Freight Lines,T-2704,Howard Lopez,delivered,34.3202,-85.8351,Ocala,FL,2025-05-10 16:00:00,2025-05-12,701,63,,delay,Detention - 4hr wait for loading
CW-70665,Coastal Freight Lines,T-2704,Howard Lopez,delivered,36.4919,-85.2774,Jacksonville,FL,2025-05-11 00:00:00,2025-05-11,526,60,,check_call,
CW-70665,Coastal Freight Lines,T-2704,Howard Lopez,delivered,38.3674,-84.4130,Daytona Beach,FL,2025-05-11 08:00:00,2025-05-12,351,58,,delivery_arrived,
CW-70665,Coastal Freight Lines,T-2704,Howard Lopez,delivered,40.3573,-83.8830,Jacksonville,FL,2025-05-11 16:00:00,2025-05-11,175,61,,delivery_completed,
CW-70665,Coastal Freight Lines,T-2704,Howard Lopez,delivered,42.2419,-83.1810,Detroit,MI,2025-05-12 00:00:00,2025-05-11,0,0,,delivery_completed,
CW-71008,Wolverine Freight Inc,T-5668,Tommy Clark,delivered,27.9993,-82.0217,Lakeland,FL,2025-05-05 00:00:00,2025-05-05,308,0,,pickup_arrived,
CW-71008,Wolverine Freight Inc,T-5668,Tommy Clark,delivered,28.1939,-82.0864,Pensacola,FL,2025-05-05 09:36:00,2025-05-06,246,66,,pickup_departed,
CW-71008,Wolverine Freight Inc,T-5668,Tommy Clark,delivered,28.3907,-82.1111,Fort Myers,FL,2025-05-05 19:12:00,2025-05-05,185,61,,delay,Lumper delay - 3hr wait at dock
CW-71008,Wolverine Freight Inc,T-5668,Tommy Clark,delivered,28.6806,-81.9461,Ocala,FL,2025-05-06 04:48:00,2025-05-06,123,68,,check_call,
CW-71008,Wolverine Freight Inc,T-5668,Tommy Clark,delivered,29.0819,-81.9721,Daytona Beach,FL,2025-05-06 14:24:00,2025-05-06,62,56,,delivery_arrived,
CW-71008,Wolverine Freight Inc,T-5668,Tommy Clark,delivered,29.2815,-82.1354,Ocala,FL,2025-05-07 00:00:00,2025-05-06,0,0,,delivery_completed,
CW-70401,Evergreen Transport LLC,T-3838,Chris Martinez,delivered,42.2971,-85.1653,Battle Creek,MI,2025-05-11 00:00:00,2025-05-12,701,0,34,pickup_arrived,
CW-70401,Evergreen Transport LLC,T-3838,Chris Martinez,delivered,40.9133,-83.9505,Durham,NC,2025-05-11 09:36:00,2025-05-12,561,59,34,pickup_departed,
CW-70401,Evergreen Transport LLC,T-3838,Chris Martinez,delivered,39.8753,-82.6952,Flint,MI,2025-05-11 19:12:00,2025-05-12,421,58,33,delay,Border inspection delay
CW-70401,Evergreen Transport LLC,T-3838,Chris Martinez,delivered,38.3934,-81.5505,Lansing,MI,2025-05-12 04:48:00,2025-05-13,280,59,35,check_call,
CW-70401,Evergreen Transport LLC,T-3838,Chris Martinez,delivered,37.1961,-80.3008,Fayetteville,NC,2025-05-12 14:24:00,2025-05-12,140,55,33,delivery_arrived,
CW-70401,Evergreen Transport LLC,T-3838,Chris Martinez,delivered,35.8825,-79.0009,Durham,NC,2025-05-13 00:00:00,2025-05-12,0,0,34,delivery_completed,
CW-70728,Carolina Freight Corp,T-1737,Frank Wilson,delivered,34.9410,-85.3683,Chattanooga,TN,2025-04-08 00:00:00,2025-04-08,430,0,,pickup_arrived,
CW-70728,Carolina Freight Corp,T-1737,Frank Wilson,delivered,35.9679,-85.1586,Cleveland,OH,2025-04-08 12:00:00,2025-04-09,323,68,,pickup_departed,
CW-70728,Carolina Freight Corp,T-1737,Frank Wilson,delivered,37.1961,-84.9787,Columbus,OH,2025-04-09 00:00:00,2025-04-08,215,61,,delay,Weather delay - severe thunderstorm
CW-70728,Carolina Freight Corp,T-1737,Frank Wilson,delivered,38.0716,-84.7650,Columbus,OH,2025-04-09 12:00:00,2025-04-09,108,68,,check_call,
CW-70728,Carolina Freight Corp,T-1737,Frank Wilson,delivered,39.0499,-84.4946,Cincinnati,OH,2025-04-10 00:00:00,2025-04-09,0,0,,delivery_arrived,
CW-70881,Wolverine Freight Inc,T-8427,Mark Thomas,delivered,33.8105,-84.2535,Atlanta,GA,2025-03-31 00:00:00,2025-03-31,463,0,33,pickup_arrived,
CW-70881,Wolverine Freight Inc,T-8427,Mark Thomas,delivered,34.3949,-83.0770,Savannah,GA,2025-03-31 09:36:00,2025-04-01,370,66,33,pickup_departed,
CW-70881,Wolverine Freight Inc,T-8427,Mark Thomas,delivered,35.1710,-81.5884,Atlanta,GA,2025-03-31 19:12:00,2025-04-01,278,69,35,delay,Detention - 4hr wait for loading
CW-70881,Wolverine Freight Inc,T-8427,Mark Thomas,delivered,36.0959,-80.2933,Lynchburg,VA,2025-04-01 04:48:00,2025-04-01,185,70,34,check_call,
CW-70881,Wolverine Freight Inc,T-8427,Mark Thomas,delivered,36.7595,-78.8400,Savannah,GA,2025-04-01 14:24:00,2025-04-01,93,55,34,delivery_arrived,
CW-70881,Wolverine Freight Inc,T-8427,Mark Thomas,delivered,37.6292,-77.3290,Richmond,VA,2025-04-02 00:00:00,2025-04-01,0,0,35,delivery_completed,
CW-70015,Heartland Trucking Co,T-3275,Michael Brown,delivered,33.4918,-81.9377,Augusta,GA,2025-09-11 00:00:00,2025-09-12,822,0,33,pickup_arrived,
CW-70015,Heartland Trucking Co,T-3275,Michael Brown,delivered,35.1387,-80.0522,Savannah,GA,2025-09-11 18:00:00,2025-09-12,617,55,35,pickup_departed,
CW-70015,Heartland Trucking Co,T-3275,Michael Brown,delivered,36.9749,-78.5143,Newark,NJ,2025-09-12 12:00:00,2025-09-13,411,70,33,delay,Lumper delay - 3hr wait at dock
CW-70015,Heartland Trucking Co,T-3275,Michael Brown,delivered,38.4596,-76.5419,Savannah,GA,2025-09-13 06:00:00,2025-09-13,206,66,33,check_call,
CW-70015,Heartland Trucking Co,T-3275,Michael Brown,delivered,40.1432,-74.6613,Trenton,NJ,2025-09-14 00:00:00,2025-09-13,0,0,34,delivery_arrived,
CW-70176,Great Lakes Express,T-7675,Mark Thomas,delivered,36.9046,-76.1261,Virginia Beach,VA,2026-02-21 00:00:00,2026-02-21,314,0,33,pickup_arrived,
CW-70176,Great Lakes Express,T-7675,Mark Thomas,delivered,37.8030,-75.5594,Newark,NJ,2026-02-21 06:00:00,2026-02-22,236,60,35,pickup_departed,
CW-70176,Great Lakes Express,T-7675,Mark Thomas,delivered,38.6999,-75.1159,Roanoke,VA,2026-02-21 12:00:00,2026-02-21,157,57,33,delay,Border inspection delay
CW-70176,Great Lakes Express,T-7675,Mark Thomas,delivered,39.7805,-74.5838,Camden,NJ,2026-02-21 18:00:00,2026-02-21,79,59,33,check_call,
CW-70176,Great Lakes Express,T-7675,Mark Thomas,delivered,40.6152,-74.1416,Elizabeth,NJ,2026-02-22 00:00:00,2026-02-21,0,0,35,delivery_arrived,
CW-70406,Gulf Coast Carriers,T-3923,Jimmy Robinson,delivered,32.0526,-80.9716,Savannah,GA,2025-10-24 00:00:00,2025-10-24,228,0,,pickup_arrived,
CW-70406,Gulf Coast Carriers,T-3923,Jimmy Robinson,delivered,32.6213,-81.0674,Augusta,GA,2025-10-24 06:00:00,2025-10-24,171,58,,pickup_departed,
CW-70406,Gulf Coast Carriers,T-3923,Jimmy Robinson,delivered,32.9194,-81.0448,Greenville,SC,2025-10-24 12:00:00,2025-10-24,114,62,,delay,Facility closed - arrived after hours
CW-70406,Gulf Coast Carriers,T-3923,Jimmy Robinson,delivered,33.3953,-81.0957,Dalton,GA,2025-10-24 18:00:00,2025-10-24,57,68,,check_call,
CW-70406,Gulf Coast Carriers,T-3923,Jimmy Robinson,delivered,33.9890,-81.1671,Columbia,SC,2025-10-25 00:00:00,2025-10-24,0,0,,delivery_arrived,
CW-71178,Badger Freight Inc,T-9990,Kenny Allen,delivered,40.0837,-83.0054,Columbus,OH,2026-02-12 00:00:00,2026-02-12,595,0,35,pickup_arrived,
CW-71178,Badger Freight Inc,T-9990,Kenny Allen,delivered,37.6161,-83.3462,Columbus,OH,2026-02-12 08:00:00,2026-02-13,397,60,34,pickup_departed,
CW-71178,Badger Freight Inc,T-9990,Kenny Allen,delivered,35.1748,-83.3579,Dalton,GA,2026-02-12 16:00:00,2026-02-12,198,63,34,delay,Detention - 4hr wait for loading
CW-71178,Badger Freight Inc,T-9990,Kenny Allen,delivered,32.7083,-83.6737,Macon,GA,2026-02-13 00:00:00,2026-02-12,0,0,33,check_call,
CW-70692,Coastal Freight Lines,T-8999,Joe Walker,in_transit,27.8815,-82.5513,Tampa,FL,2025-10-26 00:00:00,2025-10-27,707,0,,pickup_arrived,
CW-70692,Coastal Freight Lines,T-8999,Joe Walker,in_transit,29.6325,-81.4563,Greensboro,NC,2025-10-26 12:00:00,2025-10-27,530,70,,pickup_departed,
CW-70692,Coastal Freight Lines,T-8999,Joe Walker,in_transit,31.5708,-80.5696,Fayetteville,NC,2025-10-27 00:00:00,2025-10-27,354,62,,delay,HOS reset required - driver at 10hr limit
CW-70692,Coastal Freight Lines,T-8999,Joe Walker,in_transit,33.3836,-79.9182,Orlando,FL,2025-10-27 12:00:00,2025-10-27,177,66,,check_call,
CW-70692,Coastal Freight Lines,T-8999,Joe Walker,in_transit,35.0251,-78.9406,Fayetteville,NC,2025-10-28 00:00:00,2025-10-27,0,0,,delivery_arrived,
CW-70005,Empire State Trucking,T-3249,Michael Brown,delivered,41.5583,-75.7930,Scranton,PA,2025-09-15 00:00:00,2025-09-15,334,0,,pickup_arrived,
CW-70005,Empire State Trucking,T-3249,Michael Brown,delivered,40.8796,-76.1395,Norfolk,VA,2025-09-15 08:00:00,2025-09-16,278,66,,pickup_departed,
CW-70005,Empire State Trucking,T-3249,Michael Brown,delivered,39.9994,-76.9610,Lynchburg,VA,2025-09-15 16:00:00,2025-09-15,223,55,,delay,Traffic congestion - I-95 construction zone
CW-70005,Empire State Trucking,T-3249,Michael Brown,delivered,39.3647,-77.3462,Richmond,VA,2025-09-16 00:00:00,2025-09-15,167,69,,check_call,
CW-70005,Empire State Trucking,T-3249,Michael Brown,delivered,38.6156,-77.8991,Virginia Beach,VA,2025-09-16 08:00:00,2025-09-16,111,62,,delivery_arrived,
CW-70005,Empire State Trucking,T-3249,Michael Brown,delivered,38.1484,-78.6289,Harrisonburg,VA,2025-09-16 16:00:00,2025-09-16,56,65,,delivery_completed,
CW-70005,Empire State Trucking,T-3249,Michael Brown,delivered,37.5543,-79.0355,Lynchburg,VA,2025-09-17 00:00:00,2025-09-16,0,0,,delivery_completed,
CW-70764,Hoosier Express LLC,T-8391,Ray White,delivered,40.0985,-83.0113,Columbus,OH,2025-06-29 00:00:00,2025-06-29,362,0,34,pickup_arrived,
CW-70764,Hoosier Express LLC,T-8391,Ray White,delivered,39.5827,-81.8399,Cincinnati,OH,2025-06-29 09:36:00,2025-06-30,290,63,34,pickup_departed,
CW-70764,Hoosier Express LLC,T-8391,Ray White,delivered,39.0994,-80.8130,Norfolk,VA,2025-06-29 19:12:00,2025-06-29,217,57,35,delay,Detention - 4hr wait for loading
CW-70764,Hoosier Express LLC,T-8391,Ray White,delivered,38.5371,-79.6252,Dayton,OH,2025-06-30 04:48:00,2025-06-30,145,70,33,check_call,
CW-70764,Hoosier Express LLC,T-8391,Ray White,delivered,38.0813,-78.6593,Cleveland,OH,2025-06-30 14:24:00,2025-06-30,72,63,35,delivery_arrived,
CW-70764,Hoosier Express LLC,T-8391,Ray White,delivered,37.5057,-77.3110,Richmond,VA,2025-07-01 00:00:00,2025-06-30,0,0,35,delivery_completed,
CW-70134,Gulf Coast Carriers,T-7570,Michael Brown,delivered,41.7595,-87.5256,Chicago,IL,2025-11-05 00:00:00,2025-11-05,277,0,34,pickup_arrived,
CW-70134,Gulf Coast Carriers,T-7570,Michael Brown,delivered,40.9854,-87.6073,Fort Wayne,IN,2025-11-05 06:00:00,2025-11-05,208,62,34,pickup_departed,
CW-70134,Gulf Coast Carriers,T-7570,Michael Brown,delivered,39.9879,-87.5081,Peoria,IL,2025-11-05 12:00:00,2025-11-05,139,70,35,delay,Mechanical issue - tire replacement
CW-70134,Gulf Coast Carriers,T-7570,Michael Brown,delivered,38.9998,-87.6654,Indianapolis,IN,2025-11-05 18:00:00,2025-11-05,69,59,33,check_call,
CW-70134,Gulf Coast Carriers,T-7570,Michael Brown,delivered,38.0903,-87.5117,Evansville,IN,2025-11-06 00:00:00,2025-11-05,0,0,35,delivery_arrived,
CW-70151,Eagle Freight Inc,T-2944,David Johnson,delivered,30.3501,-87.2075,Pensacola,FL,2025-05-16 00:00:00,2025-05-17,941,0,,pickup_arrived,
CW-70151,Eagle Freight Inc,T-2944,David Johnson,delivered,33.6936,-86.3141,Ocala,FL,2025-05-16 16:00:00,2025-05-17,627,58,,pickup_departed,
CW-70151,Eagle Freight Inc,T-2944,David Johnson,delivered,36.5676,-85.1988,Cincinnati,OH,2025-05-17 08:00:00,2025-05-18,314,66,,delay,Traffic congestion - I-95 construction zone
CW-70151,Eagle Freight Inc,T-2944,David Johnson,delivered,39.8970,-84.1991,Dayton,OH,2025-05-18 00:00:00,2025-05-17,0,0,,check_call,
CW-70149,Great Lakes Express,T-9263,Earl Hill,in_transit,27.9418,-82.3213,Tampa,FL,2025-09-25 00:00:00,2025-09-25,321,0,35,pickup_arrived,
CW-70149,Great Lakes Express,T-9263,Earl Hill,in_transit,27.6119,-82.3771,Daytona Beach,FL,2025-09-25 06:00:00,2025-09-26,241,68,33,pickup_departed,
CW-70149,Great Lakes Express,T-9263,Earl Hill,in_transit,27.1649,-82.2790,Tampa,FL,2025-09-25 12:00:00,2025-09-25,161,58,35,delay,Border inspection delay
CW-70149,Great Lakes Express,T-9263,Earl Hill,in_transit,26.8763,-82.0622,Fort Myers,FL,2025-09-25 18:00:00,2025-09-25,80,67,33,check_call,
CW-70149,Great Lakes Express,T-9263,Earl Hill,in_transit,26.6359,-81.8219,Fort Myers,FL,2025-09-26 00:00:00,2025-09-25,0,0,33,delivery_arrived,
CW-70247,Keystone Carriers Inc,T-3034,Dennis Jackson,delivered,43.4152,-83.9133,Saginaw,MI,2025-09-25 00:00:00,2025-09-25,600,0,-12,pickup_arrived,
CW-70247,Keystone Carriers Inc,T-3034,Dennis Jackson,delivered,42.0815,-83.1628,Charlotte,NC,2025-09-25 09:36:00,2025-09-26,480,58,-10,pickup_departed,
CW-70247,Keystone Carriers Inc,T-3034,Dennis Jackson,delivered,40.3345,-82.3230,Raleigh,NC,2025-09-25 19:12:00,2025-09-26,360,61,-8,in_transit,
CW-70247,Keystone Carriers Inc,T-3034,Dennis Jackson,delivered,39.1548,-81.5443,Greensboro,NC,2025-09-26 04:48:00,2025-09-27,240,62,-8,check_call,
CW-70247,Keystone Carriers Inc,T-3034,Dennis Jackson,delivered,37.6667,-80.5724,Saginaw,MI,2025-09-26 14:24:00,2025-09-26,120,69,-12,delivery_arrived,
CW-70247,Keystone Carriers Inc,T-3034,Dennis Jackson,delivered,36.0149,-79.9223,Greensboro,NC,2025-09-27 00:00:00,2025-09-26,0,0,-12,delivery_completed,
CW-71148,Patriot Trucking Corp,T-8904,Kenny Allen,delivered,29.2899,-82.1199,Ocala,FL,2026-02-27 00:00:00,2026-02-28,1017,0,33,pickup_arrived,
CW-71148,Patriot Trucking Corp,T-8904,Kenny Allen,delivered,31.4497,-80.6330,Orlando,FL,2026-02-27 09:36:00,2026-03-01,814,63,35,pickup_departed,
CW-71148,Patriot Trucking Corp,T-8904,Kenny Allen,delivered,33.7116,-79.0384,Trenton,NJ,2026-02-27 19:12:00,2026-02-28,610,67,34,in_transit,
CW-71148,Patriot Trucking Corp,T-8904,Kenny Allen,delivered,35.9268,-77.8071,Newark,NJ,2026-02-28 04:48:00,2026-02-28,407,69,35,check_call,
CW-71148,Patriot Trucking Corp,T-8904,Kenny Allen,delivered,37.9911,-76.1352,Orlando,FL,2026-02-28 14:24:00,2026-02-28,203,59,35,delivery_arrived,
CW-71148,Patriot Trucking Corp,T-8904,Kenny Allen,delivered,40.1667,-74.8536,Trenton,NJ,2026-03-01 00:00:00,2026-02-28,0,0,33,delivery_completed,
CW-70565,Swift Transport LLC,T-2130,Jimmy Robinson,delivered,41.4725,-81.5746,Cleveland,OH,2025-07-09 00:00:00,2025-07-09,575,0,,pickup_arrived,
CW-70565,Swift Transport LLC,T-2130,Jimmy Robinson,delivered,39.1675,-82.3482,Albany,GA,2025-07-09 06:00:00,2025-07-10,431,63,,pickup_departed,
CW-70565,Swift Transport LLC,T-2130,Jimmy Robinson,delivered,36.5846,-82.8889,Cincinnati,OH,2025-07-09 12:00:00,2025-07-10,288,59,,in_transit,
CW-70565,Swift Transport LLC,T-2130,Jimmy Robinson,delivered,34.1834,-83.5211,Valdosta,GA,2025-07-09 18:00:00,2025-07-09,144,65,,check_call,
CW-70565,Swift Transport LLC,T-2130,Jimmy Robinson,delivered,31.6642,-84.2837,Albany,GA,2025-07-10 00:00:00,2025-07-09,0,0,,delivery_arrived,
CW-70414,Great Lakes Express,T-7649,Robert Garcia,delivered,35.9931,-78.9121,Durham,NC,2025-05-02 00:00:00,2025-05-02,508,0,,pickup_arrived,
CW-70414,Great Lakes Express,T-7649,Robert Garcia,delivered,37.0543,-77.6978,Greensboro,NC,2025-05-02 12:00:00,2025-05-03,381,66,,pickup_departed,
CW-70414,Great Lakes Express,T-7649,Robert Garcia,delivered,38.1797,-76.7097,Charlotte,NC,2025-05-03 00:00:00,2025-05-03,254,58,,in_transit,
CW-70414,Great Lakes Express,T-7649,Robert Garcia,delivered,39.5110,-75.4892,Charlotte,NC,2025-05-03 12:00:00,2025-05-03,127,58,,check_call,
CW-70414,Great Lakes Express,T-7649,Robert Garcia,delivered,40.5709,-74.3172,Edison,NJ,2025-05-04 00:00:00,2025-05-03,0,0,,delivery_arrived,
CW-70945,Pinnacle Freight LLC,T-6914,Billy Perez,delivered,40.2994,-80.0402,Pittsburgh,PA,2025-08-03 00:00:00,2025-08-03,590,0,,pickup_arrived,
CW-70945,Pinnacle Freight LLC,T-6914,Billy Perez,delivered,40.3087,-81.9716,Springfield,IL,2025-08-03 04:48:00,2025-08-04,472,67,,pickup_departed,
CW-70945,Pinnacle Freight LLC,T-6914,Billy Perez,delivered,40.0356,-83.9024,Peoria,IL,2025-08-03 09:36:00,2025-08-04,354,59,,in_transit,
CW-70945,Pinnacle Freight LLC,T-6914,Billy Perez,delivered,40.0361,-85.7108,Springfield,IL,2025-08-03 14:24:00,2025-08-04,236,61,,check_call,
CW-70945,Pinnacle Freight LLC,T-6914,Billy Perez,delivered,39.9391,-87.6068,Pittsburgh,PA,2025-08-03 19:12:00,2025-08-03,118,68,,delivery_arrived,
CW-70945,Pinnacle Freight LLC,T-6914,Billy Perez,delivered,39.7604,-89.6548,Springfield,IL,2025-08-04 00:00:00,2025-08-03,0,0,,delivery_completed,
CW-70645,Blue Ridge Transport,T-1644,Bobby Lewis,delivered,32.1514,-81.0429,Savannah,GA,2025-11-01 00:00:00,2025-11-01,340,0,33,pickup_arrived,
CW-70645,Blue Ridge Transport,T-1644,Bobby Lewis,delivered,31.6376,-80.9437,Pensacola,FL,2025-11-01 04:48:00,2025-11-02,272,66,35,pickup_departed,
CW-70645,Blue Ridge Transport,T-1644,Bobby Lewis,delivered,30.8473,-80.9579,Fort Myers,FL,2025-11-01 09:36:00,2025-11-01,204,58,33,in_transit,
CW-70645,Blue Ridge Transport,T-1644,Bobby Lewis,delivered,30.3435,-81.0087,Dalton,GA,2025-11-01 14:24:00,2025-11-01,136,58,45,exception,Temperature excursion: 45F detected. Reefer unit cycling.
CW-70645,Blue Ridge Transport,T-1644,Bobby Lewis,delivered,29.7539,-80.9930,Tallahassee,FL,2025-11-01 19:12:00,2025-11-01,68,69,35,delivery_arrived,
CW-70645,Blue Ridge Transport,T-1644,Bobby Lewis,delivered,29.3215,-80.8919,Daytona Beach,FL,2025-11-02 00:00:00,2025-11-01,0,0,34,delivery_completed,
CW-70022,Northstar Logistics,T-2554,Kenny Allen,delivered,40.7339,-89.6944,Peoria,IL,2025-06-22 00:00:00,2025-06-21,223,0,35,pickup_arrived,
CW-70022,Northstar Logistics,T-2554,Kenny Allen,delivered,40.1288,-89.2921,Peoria,IL,2025-06-22 04:00:00,2025-06-22,186,63,33,pickup_departed,
CW-70022,Northstar Logistics,T-2554,Kenny Allen,delivered,39.7854,-88.9850,Fort Wayne,IN,2025-06-22 08:00:00,2025-06-22,149,55,35,in_transit,
CW-70022,Northstar Logistics,T-2554,Kenny Allen,delivered,39.4262,-88.4550,Springfield,IL,2025-06-22 12:00:00,2025-06-22,112,58,46,exception,Temperature excursion: 46F detected. Reefer unit cycling.
CW-70022,Northstar Logistics,T-2554,Kenny Allen,delivered,38.9240,-88.2085,Evansville,IN,2025-06-22 16:00:00,2025-06-22,74,56,34,delivery_arrived,
CW-70022,Northstar Logistics,T-2554,Kenny Allen,delivered,38.4597,-87.7599,Fort Wayne,IN,2025-06-22 20:00:00,2025-06-22,37,66,34,delivery_completed,
CW-70022,Northstar Logistics,T-2554,Kenny Allen,delivered,37.8318,-87.5006,Evansville,IN,2025-06-23 00:00:00,2025-06-22,0,0,34,delivery_completed,
CW-70049,Hoosier Express LLC,T-6318,Russell Young,delivered,43.1120,-83.7444,Flint,MI,2025-10-11 00:00:00,2025-10-11,626,0,,pickup_arrived,
CW-70049,Hoosier Express LLC,T-6318,Russell Young,delivered,41.4020,-82.0672,Harrisonburg,VA,2025-10-11 16:00:00,2025-10-12,417,55,,pickup_departed,
CW-70049,Hoosier Express LLC,T-6318,Russell Young,delivered,39.9408,-80.5373,Lansing,MI,2025-10-12 08:00:00,2025-10-12,209,65,,in_transit,
CW-70049,Hoosier Express LLC,T-6318,Russell Young,delivered,38.3023,-78.9669,Harrisonburg,VA,2025-10-13 00:00:00,2025-10-12,0,0,,exception,Load refused at receiver - appointment missed
CW-71059,Blue Ridge Transport,T-1200,Howard Lopez,delivered,36.0281,-80.2590,Winston-Salem,NC,2025-12-18 00:00:00,2025-12-17,108,0,-11,pickup_arrived,
CW-71059,Blue Ridge Transport,T-1200,Howard Lopez,delivered,35.7685,-80.4726,Winston-Salem,NC,2025-12-18 09:36:00,2025-12-18,86,61,-8,pickup_departed,
CW-71059,Blue Ridge Transport,T-1200,Howard Lopez,delivered,35.5093,-80.9718,Charleston,SC,2025-12-18 19:12:00,2025-12-18,65,70,-8,in_transit,
CW-71059,Blue Ridge Transport,T-1200,Howard Lopez,delivered,35.5564,-81.2643,Durham,NC,2025-12-19 04:48:00,2025-12-18,43,60,-11,exception,Reefer malfunction - unit not cooling
CW-71059,Blue Ridge Transport,T-1200,Howard Lopez,delivered,35.0845,-81.6546,Charleston,SC,2025-12-19 14:24:00,2025-12-19,22,58,-9,delivery_arrived,
CW-71059,Blue Ridge Transport,T-1200,Howard Lopez,delivered,34.9287,-81.9004,Spartanburg,SC,2025-12-20 00:00:00,2025-12-19,0,0,-11,delivery_completed,
CW-70209,Buckeye Freight Systems,T-3755,Howard Lopez,delivered,31.5112,-84.0239,Albany,GA,2025-12-27 00:00:00,2025-12-27,416,0,35,pickup_arrived,
CW-70209,Buckeye Freight Systems,T-3755,Howard Lopez,delivered,33.0791,-82.8216,Charlotte,NC,2025-12-27 08:00:00,2025-12-28,277,62,35,pickup_departed,
CW-70209,Buckeye Freight Systems,T-3755,Howard Lopez,delivered,34.4896,-81.1248,Fayetteville,NC,2025-12-27 16:00:00,2025-12-27,139,63,34,in_transit,
CW-70209,Buckeye Freight Systems,T-3755,Howard Lopez,delivered,36.0452,-79.6764,Greensboro,NC,2025-12-28 00:00:00,2025-12-27,0,0,47,exception,Temperature excursion: 47F detected. Reefer unit cycling.
CW-70267,Cardinal Logistics LLC,T-7930,Harry King,delivered,28.1813,-82.0914,Lakeland,FL,2026-01-29 00:00:00,2026-01-30,675,0,,pickup_arrived,
CW-70267,Cardinal Logistics LLC,T-7930,Harry King,delivered,29.3986,-82.4044,Fort Myers,FL,2026-01-29 08:00:00,2026-01-30,563,65,,pickup_departed,
CW-70267,Cardinal Logistics LLC,T-7930,Harry King,delivered,30.6007,-82.7477,Fort Myers,FL,2026-01-29 16:00:00,2026-01-30,450,61,,in_transit,
CW-70267,Cardinal Logistics LLC,T-7930,Harry King,delivered,31.9471,-82.9523,Tampa,FL,2026-01-30 00:00:00,2026-01-30,338,69,,check_call,
CW-70267,Cardinal Logistics LLC,T-7930,Harry King,delivered,33.2488,-83.3026,Knoxville,TN,2026-01-30 08:00:00,2026-01-31,225,55,,delivery_arrived,
CW-70267,Cardinal Logistics LLC,T-7930,Harry King,delivered,34.4979,-83.6049,Daytona Beach,FL,2026-01-30 16:00:00,2026-01-30,112,69,,delivery_completed,
CW-70267,Cardinal Logistics LLC,T-7930,Harry King,delivered,35.8154,-83.9118,Knoxville,TN,2026-01-31 00:00:00,2026-01-30,0,0,,delivery_completed,
CW-71121,Gulf Coast Carriers,T-3345,Andre Williams,delivered,43.5800,-116.4579,Meridian,ID,2025-09-01 00:00:00,2025-09-02,776,0,,pickup_arrived,
CW-71121,Gulf Coast Carriers,T-3345,Andre Williams,delivered,43.2098,-112.1764,Idaho Falls,ID,2025-09-01 08:00:00,2025-09-02,647,63,,pickup_departed,
CW-71121,Gulf Coast Carriers,T-3345,Andre Williams,delivered,43.0452,-107.8747,Fort Collins,CO,2025-09-01 16:00:00,2025-09-02,517,64,,in_transit,
CW-71121,Gulf Coast Carriers,T-3345,Andre Williams,delivered,42.7463,-103.8582,Colorado Springs,CO,2025-09-02 00:00:00,2025-09-02,388,63,,check_call,
CW-71121,Gulf Coast Carriers,T-3345,Andre Williams,delivered,42.4616,-99.6880,Boise,ID,2025-09-02 08:00:00,2025-09-03,259,57,,delivery_arrived,
CW-71121,Gulf Coast Carriers,T-3345,Andre Williams,delivered,42.1387,-95.4223,Colorado Springs,CO,2025-09-02 16:00:00,2025-09-02,129,57,,delivery_completed,
CW-71121,Gulf Coast Carriers,T-3345,Andre Williams,delivered,41.7239,-91.2583,Fort Collins,CO,2025-09-03 00:00:00,2025-09-02,0,0,,delivery_completed,
CW-70797,Evergreen Transport LLC,T-1453,Andre Williams,delivered,42.3980,-83.1469,Detroit,MI,2026-02-04 00:00:00,2026-02-04,669,0,33,pickup_arrived,
CW-70797,Evergreen Transport LLC,T-1453,Andre Williams,delivered,41.6242,-82.4170,Lynchburg,VA,2026-02-04 08:00:00,2026-02-05,558,61,34,pickup_departed,
CW-70797,Evergreen Transport LLC,T-1453,Andre Williams,delivered,39.8760,-81.4456,Richmond,VA,2026-02-05 00:00:00,2026-02-05,335,65,35,check_call,
CW-70797,Evergreen Transport LLC,T-1453,Andre Williams,delivered,39.0123,-80.9386,Lynchburg,VA,2026-02-05 08:00:00,2026-02-05,223,55,33,delivery_arrived,
CW-70797,Evergreen Transport LLC,T-1453,Andre Williams,delivered,38.0614,-80.4674,Flint,MI,2026-02-05 16:00:00,2026-02-05,111,57,35,delivery_completed,
CW-70797,Evergreen Transport LLC,T-1453,Andre Williams,delivered,37.1338,-79.7931,Roanoke,VA,2026-02-06 00:00:00,2026-02-05,0,0,35,delivery_completed,
CW-71037,Shenandoah Freight,T-9848,Ray White,delivered,40.0374,-74.9448,Cherry Hill,NJ,2026-02-25 00:00:00,2026-02-26,753,0,35,pickup_arrived,
CW-71037,Shenandoah Freight,T-9848,Ray White,delivered,37.0460,-78.0743,Newark,NJ,2026-02-25 16:00:00,2026-02-26,502,59,35,pickup_departed,
CW-71037,Shenandoah Freight,T-9848,Ray White,delivered,31.5718,-84.1132,Albany,GA,2026-02-27 00:00:00,2026-02-26,0,0,33,check_call,
CW-70892,Gulf Coast Carriers,T-4267,Jerry Martin,delivered,42.2511,-85.4788,Kalamazoo,MI,2025-08-11 00:00:00,2025-08-11,554,0,-8,pickup_arrived,
CW-70892,Gulf Coast Carriers,T-4267,Jerry Martin,delivered,41.0394,-83.8519,Saginaw,MI,2025-08-11 12:00:00,2025-08-12,416,64,-11,pickup_departed,
CW-70892,Gulf Coast Carriers,T-4267,Jerry Martin,delivered,38.4893,-80.6264,Virginia Beach,VA,2025-08-12 12:00:00,2025-08-12,139,69,-12,check_call,
CW-70892,Gulf Coast Carriers,T-4267,Jerry Martin,delivered,37.5565,-79.2511,Lynchburg,VA,2025-08-13 00:00:00,2025-08-12,0,0,-8,delivery_arrived,
CW-70068,Copperhead Carriers,T-2079,Carlos Rivera,delivered,36.8033,-75.9274,Virginia Beach,VA,2025-08-02 00:00:00,2025-08-02,541,0,,pickup_arrived,
CW-70068,Copperhead Carriers,T-2079,Carlos Rivera,delivered,36.1653,-76.9300,Richmond,VA,2025-08-02 08:00:00,2025-08-03,451,56,,pickup_departed,
CW-70068,Copperhead Carriers,T-2079,Carlos Rivera,delivered,34.4968,-78.5397,Roanoke,VA,2025-08-03 00:00:00,2025-08-03,271,65,,check_call,
CW-70068,Copperhead Carriers,T-2079,Carlos Rivera,delivered,33.6388,-79.3620,Lynchburg,VA,2025-08-03 08:00:00,2025-08-03,180,59,,delivery_arrived,
CW-70068,Copperhead Carriers,T-2079,Carlos Rivera,delivered,32.9600,-80.1678,Roanoke,VA,2025-08-03 16:00:00,2025-08-03,90,55,,delivery_completed,
CW-70068,Copperhead Carriers,T-2079,Carlos Rivera,delivered,31.9435,-81.1068,Savannah,GA,2025-08-04 00:00:00,2025-08-03,0,0,,delivery_completed,
CW-70495,Coastal Freight Lines,T-6547,Mark Thomas,delivered,40.0455,-75.1507,Camden,NJ,2026-02-15 00:00:00,2026-02-15,450,0,35,pickup_arrived,
CW-70495,Coastal Freight Lines,T-6547,Mark Thomas,delivered,39.9525,-78.2620,Dayton,OH,2026-02-15 16:00:00,2026-02-16,300,61,35,pickup_departed,
CW-70495,Coastal Freight Lines,T-6547,Mark Thomas,delivered,39.8943,-84.3397,Dayton,OH,2026-02-17 00:00:00,2026-02-16,0,0,33,check_call,
CW-70671,Badger Freight Inc,T-4804,Joe Walker,delivered,32.8042,-83.5754,Macon,GA,2025-09-25 00:00:00,2025-09-25,339,0,,pickup_arrived,
CW-70671,Badger Freight Inc,T-4804,Joe Walker,delivered,31.5661,-83.4213,Columbus,GA,2025-09-25 12:00:00,2025-09-26,254,68,,pickup_departed,
CW-70671,Badger Freight Inc,T-4804,Joe Walker,delivered,29.0918,-82.7661,Columbus,GA,2025-09-26 12:00:00,2025-09-26,85,69,,check_call,
CW-70671,Badger Freight Inc,T-4804,Joe Walker,delivered,27.9499,-82.4134,Tampa,FL,2025-09-27 00:00:00,2025-09-26,0,0,,delivery_arrived,
CW-70303,Mountain West Transport,T-3228,Michael Brown,delivered,26.6963,-81.8962,Fort Myers,FL,2025-07-15 00:00:00,2025-07-16,1082,0,33,pickup_arrived,
CW-70303,Mountain West Transport,T-3228,Michael Brown,delivered,29.1168,-83.2808,Daytona Beach,FL,2025-07-15 12:00:00,2025-07-17,902,56,35,pickup_departed,
CW-70303,Mountain West Transport,T-3228,Michael Brown,delivered,33.6191,-85.5822,Chicago,IL,2025-07-16 12:00:00,2025-07-17,541,63,35,check_call,
CW-70303,Mountain West Transport,T-3228,Michael Brown,delivered,35.9043,-87.0762,Peoria,IL,2025-07-17 00:00:00,2025-07-17,361,62,35,delivery_arrived,
CW-70303,Mountain West Transport,T-3228,Michael Brown,delivered,38.3254,-88.3748,Orlando,FL,2025-07-17 12:00:00,2025-07-17,180,56,34,delivery_completed,
CW-70303,Mountain West Transport,T-3228,Michael Brown,delivered,40.8069,-89.7253,Peoria,IL,2025-07-18 00:00:00,2025-07-17,0,0,34,delivery_completed,
CW-70774,Evergreen Transport LLC,T-3059,Harry King,delivered,41.0060,-81.4057,Akron,OH,2026-03-09 00:00:00,2026-03-08,217,0,34,pickup_arrived,
CW-70774,Evergreen Transport LLC,T-3059,Harry King,delivered,41.4078,-82.5013,Toledo,OH,2026-03-09 06:00:00,2026-03-09,163,58,35,pickup_departed,
CW-70774,Evergreen Transport LLC,T-3059,Harry King,delivered,42.4784,-84.5431,Flint,MI,2026-03-09 18:00:00,2026-03-09,54,62,33,check_call,
CW-70774,Evergreen Transport LLC,T-3059,Harry King,delivered,42.9565,-85.7595,Grand Rapids,MI,2026-03-10 00:00:00,2026-03-09,0,0,33,delivery_arrived,
CW-70804,Seminole Express,T-7901,Frank Wilson,delivered,29.0875,-82.1899,Ocala,FL,2026-02-01 00:00:00,2026-02-02,1045,0,34,pickup_arrived,
CW-70804,Seminole Express,T-7901,Frank Wilson,delivered,31.9844,-80.7232,Fort Myers,FL,2026-02-01 12:00:00,2026-02-03,784,55,35,pickup_departed,
CW-70804,Seminole Express,T-7901,Frank Wilson,delivered,34.5963,-79.4534,Harrisburg,PA,2026-02-02 00:00:00,2026-02-02,523,68,34,in_transit,
CW-70804,Seminole Express,T-7901,Frank Wilson,delivered,37.6262,-78.1727,Tampa,FL,2026-02-02 12:00:00,2026-02-03,261,57,35,check_call,
CW-70804,Seminole Express,T-7901,Frank Wilson,delivered,40.3069,-77.0254,Harrisburg,PA,2026-02-03 00:00:00,2026-02-02,0,0,35,delivery_arrived,
CW-70231,Badger Freight Inc,T-4638,Earl Hill,delivered,32.2273,-81.1386,Savannah,GA,2025-11-22 00:00:00,2025-11-21,181,0,34,pickup_arrived,
CW-70231,Badger Freight Inc,T-4638,Earl Hill,delivered,32.6198,-83.1343,Atlanta,GA,2025-11-22 16:00:00,2025-11-22,121,57,34,pickup_departed,
CW-70231,Badger Freight Inc,T-4638,Earl Hill,delivered,33.1071,-84.9594,Huntsville,AL,2025-11-23 08:00:00,2025-11-23,60,66,34,in_transit,
CW-70231,Badger Freight Inc,T-4638,Earl Hill,delivered,33.5889,-86.8065,Birmingham,AL,2025-11-24 00:00:00,2025-11-23,0,0,35,check_call,
CW-70053,Allegheny Freight Co,T-6095,Jerry Martin,delivered,31.5120,-84.0497,Albany,GA,2025-06-28 00:00:00,2025-06-29,783,0,,pickup_arrived,
CW-70053,Allegheny Freight Co,T-6095,Jerry Martin,delivered,33.2693,-82.3382,Trenton,NJ,2025-06-28 09:36:00,2025-06-29,626,56,,pickup_departed,
CW-70053,Allegheny Freight Co,T-6095,Jerry Martin,delivered,35.1398,-80.4365,Trenton,NJ,2025-06-28 19:12:00,2025-06-29,470,64,,in_transit,
CW-70053,Allegheny Freight Co,T-6095,Jerry Martin,delivered,36.7721,-78.4506,Edison,NJ,2025-06-29 04:48:00,2025-06-30,313,61,,check_call,
CW-70053,Allegheny Freight Co,T-6095,Jerry Martin,delivered,38.6076,-76.5699,Albany,GA,2025-06-29 14:24:00,2025-06-29,157,61,,delivery_arrived,
CW-70053,Allegheny Freight Co,T-6095,Jerry Martin,delivered,40.1331,-74.7201,Trenton,NJ,2025-06-30 00:00:00,2025-06-29,0,0,,delivery_completed,
CW-71128,Gulf Coast Carriers,T-8494,Larry Moore,delivered,43.7344,-116.1758,Boise,ID,2025-12-28 00:00:00,2025-12-28,455,0,,pickup_arrived,
CW-71128,Gulf Coast Carriers,T-8494,Larry Moore,delivered,43.8654,-111.2345,Meridian,ID,2025-12-28 04:00:00,2025-12-28,379,65,,pickup_departed,
CW-71128,Gulf Coast Carriers,T-8494,Larry Moore,delivered,44.1235,-106.3941,Salem,OR,2025-12-28 08:00:00,2025-12-29,303,67,,in_transit,
CW-71128,Gulf Coast Carriers,T-8494,Larry Moore,delivered,44.1004,-101.5497,Portland,OR,2025-12-28 12:00:00,2025-12-29,228,57,,check_call,
CW-71128,Gulf Coast Carriers,T-8494,Larry Moore,delivered,44.4943,-96.8177,Eugene,OR,2025-12-28 16:00:00,2025-12-28,152,62,,delivery_arrived,
CW-71128,Gulf Coast Carriers,T-8494,Larry Moore,delivered,44.7820,-91.8302,Eugene,OR,2025-12-28 20:00:00,2025-12-28,76,69,,delivery_completed,
CW-71128,Gulf Coast Carriers,T-8494,Larry Moore,delivered,44.8675,-87.1028,Eugene,OR,2025-12-29 00:00:00,2025-12-28,0,0,,delivery_completed,
CW-70194,Keystone Carriers Inc,T-4571,Ralph Wright,delivered,35.9086,-78.6510,Raleigh,NC,2025-08-20 00:00:00,2025-08-20,430,0,-12,pickup_arrived,
CW-70194,Keystone Carriers Inc,T-4571,Ralph Wright,delivered,35.9704,-81.4987,Charlotte,NC,2025-08-20 08:00:00,2025-08-21,287,64,-9,pickup_departed,
CW-70194,Keystone Carriers Inc,T-4571,Ralph Wright,delivered,36.1576,-84.1644,Winston-Salem,NC,2025-08-20 16:00:00,2025-08-20,143,68,-9,in_transit,
CW-70194,Keystone Carriers Inc,T-4571,Ralph Wright,delivered,36.2688,-86.8315,Nashville,TN,2025-08-21 00:00:00,2025-08-20,0,0,-8,check_call,
CW-70328,Buckeye Freight Systems,T-5964,Ralph Wright,delivered,27.8503,-82.5425,Tampa,FL,2026-01-12 00:00:00,2026-01-13,1001,0,33,pickup_arrived,
CW-70328,Buckeye Freight Systems,T-5964,Ralph Wright,delivered,29.9098,-83.6723,Fort Myers,FL,2026-01-12 08:00:00,2026-01-14,834,69,34,pickup_departed,
CW-70328,Buckeye Freight Systems,T-5964,Ralph Wright,delivered,32.0418,-84.8021,Rockford,IL,2026-01-12 16:00:00,2026-01-13,667,69,35,in_transit,
CW-70328,Buckeye Freight Systems,T-5964,Ralph Wright,delivered,33.7314,-86.0125,Joliet,IL,2026-01-13 00:00:00,2026-01-13,501,67,34,check_call,
CW-70328,Buckeye Freight Systems,T-5964,Ralph Wright,delivered,35.9156,-87.3390,Peoria,IL,2026-01-13 08:00:00,2026-01-14,334,63,33,delivery_arrived,
CW-70328,Buckeye Freight Systems,T-5964,Ralph Wright,delivered,37.6791,-88.4382,Peoria,IL,2026-01-13 16:00:00,2026-01-13,167,57,33,delivery_completed,
CW-70328,Buckeye Freight Systems,T-5964,Ralph Wright,delivered,39.8529,-89.7684,Springfield,IL,2026-01-14 00:00:00,2026-01-13,0,0,33,delivery_completed,
CW-70205,Cardinal Logistics LLC,T-8701,Carlos Rivera,delivered,36.0711,-79.7233,Greensboro,NC,2026-03-04 00:00:00,2026-03-04,556,0,33,pickup_arrived,
CW-70205,Cardinal Logistics LLC,T-8701,Carlos Rivera,delivered,36.9528,-81.3531,Charlotte,NC,2026-03-04 16:00:00,2026-03-05,371,56,34,pickup_departed,
CW-70205,Cardinal Logistics LLC,T-8701,Carlos Rivera,delivered,38.1466,-82.9179,Winston-Salem,NC,2026-03-05 08:00:00,2026-03-05,185,58,34,in_transit,
CW-70205,Cardinal Logistics LLC,T-8701,Carlos Rivera,delivered,39.1989,-84.6147,Cincinnati,OH,2026-03-06 00:00:00,2026-03-05,0,0,34,check_call,
CW-70221,Seminole Express,T-9570,Russell Young,delivered,30.3537,-81.8000,Jacksonville,FL,2025-05-17 00:00:00,2025-05-18,888,0,,pickup_arrived,
CW-70221,Seminole Express,T-9570,Russell Young,delivered,31.8737,-80.9030,Roanoke,VA,2025-05-17 09:36:00,2025-05-19,710,70,,pickup_departed,
CW-70221,Seminole Express,T-9570,Russell Young,delivered,33.2210,-79.8300,Harrisonburg,VA,2025-05-17 19:12:00,2025-05-18,533,61,,in_transit,
CW-70221,Seminole Express,T-9570,Russell Young,delivered,34.5643,-79.0484,Jacksonville,FL,2025-05-18 04:48:00,2025-05-19,355,57,,check_call,
CW-70221,Seminole Express,T-9570,Russell Young,delivered,36.0188,-78.2152,Jacksonville,FL,2025-05-18 14:24:00,2025-05-18,178,63,,delivery_arrived,
CW-70221,Seminole Express,T-9570,Russell Young,delivered,37.6649,-77.4118,Richmond,VA,2025-05-19 00:00:00,2025-05-18,0,0,,delivery_completed,
CW-71101,Allegheny Freight Co,T-8442,Jimmy Robinson,delivered,43.6402,-116.4614,Nampa,ID,2025-03-29 00:00:00,2025-03-29,413,0,,pickup_arrived,
CW-71101,Allegheny Freight Co,T-8442,Jimmy Robinson,delivered,43.4347,-112.5568,Billings,MT,2025-03-29 08:00:00,2025-03-30,344,55,,pickup_departed,
CW-71101,Allegheny Freight Co,T-8442,Jimmy Robinson,delivered,43.0058,-108.4465,Twin Falls,ID,2025-03-29 16:00:00,2025-03-30,275,66,,in_transit,
CW-71101,Allegheny Freight Co,T-8442,Jimmy Robinson,delivered,42.8910,-104.4104,Twin Falls,ID,2025-03-30 00:00:00,2025-03-29,207,55,,check_call,
CW-71101,Allegheny Freight Co,T-8442,Jimmy Robinson,delivered,42.6593,-100.5151,Twin Falls,ID,2025-03-30 08:00:00,2025-03-30,138,63,,delivery_arrived,
CW-71101,Allegheny Freight Co,T-8442,Jimmy Robinson,delivered,42.1497,-96.5074,Billings,MT,2025-03-30 16:00:00,2025-03-30,69,57,,delivery_completed,
CW-71101,Allegheny Freight Co,T-8442,Jimmy Robinson,delivered,42.0209,-92.3039,Great Falls,MT,2025-03-31 00:00:00,2025-03-30,0,0,,delivery_completed,
CW-70952,Patriot Trucking Corp,T-3994,Juan Hernandez,delivered,32.8660,-83.7475,Macon,GA,2025-08-02 00:00:00,2025-08-02,310,0,33,pickup_arrived,
CW-70952,Patriot Trucking Corp,T-3994,Juan Hernandez,delivered,33.3849,-83.9448,Nashville,TN,2025-08-02 12:00:00,2025-08-03,233,58,34,pickup_departed,
CW-70952,Patriot Trucking Corp,T-3994,Juan Hernandez,delivered,33.8605,-84.5718,Chattanooga,TN,2025-08-03 00:00:00,2025-08-02,155,58,33,in_transit,
CW-70952,Patriot Trucking Corp,T-3994,Juan Hernandez,delivered,34.3549,-84.8390,Memphis,TN,2025-08-03 12:00:00,2025-08-03,78,64,33,check_call,
CW-70952,Patriot Trucking Corp,T-3994,Juan Hernandez,delivered,35.1905,-85.3886,Chattanooga,TN,2025-08-04 00:00:00,2025-08-03,0,0,33,delivery_arrived,
CW-71044,Keystone Carriers Inc,T-9873,Ray White,delivered,43.0002,-85.6850,Grand Rapids,MI,2025-10-31 00:00:00,2025-10-30,174,0,,pickup_arrived,
CW-71044,Keystone Carriers Inc,T-9873,Ray White,delivered,42.1090,-86.1213,Detroit,MI,2025-10-31 04:48:00,2025-10-31,139,66,,pickup_departed,
CW-71044,Keystone Carriers Inc,T-9873,Ray White,delivered,41.0230,-86.4167,Evansville,IN,2025-10-31 09:36:00,2025-10-31,104,68,,in_transit,
CW-71044,Keystone Carriers Inc,T-9873,Ray White,delivered,39.8473,-86.9161,Grand Rapids,MI,2025-10-31 14:24:00,2025-10-31,70,66,,check_call,
CW-71044,Keystone Carriers Inc,T-9873,Ray White,delivered,38.8801,-87.1495,Flint,MI,2025-10-31 19:12:00,2025-10-31,35,63,,delivery_arrived,
CW-71044,Keystone Carriers Inc,T-9873,Ray White,delivered,37.8950,-87.4959,Evansville,IN,2025-11-01 00:00:00,2025-10-31,0,0,,delivery_completed,
CW-70025,Allegheny Freight Co,T-1699,Earl Hill,delivered,31.4985,-84.0359,Albany,GA,2026-03-04 00:00:00,2026-03-04,375,0,33,pickup_arrived,
CW-70025,Allegheny Freight Co,T-1699,Earl Hill,delivered,32.1313,-83.6232,Macon,GA,2026-03-04 08:00:00,2026-03-05,313,57,33,pickup_departed,
CW-70025,Allegheny Freight Co,T-1699,Earl Hill,delivered,32.7380,-82.9579,Atlanta,GA,2026-03-04 16:00:00,2026-03-05,250,55,34,in_transit,
CW-70025,Allegheny Freight Co,T-1699,Earl Hill,delivered,33.3850,-82.5254,Valdosta,GA,2026-03-05 00:00:00,2026-03-04,188,65,35,check_call,
CW-70025,Allegheny Freight Co,T-1699,Earl Hill,delivered,33.9893,-81.8049,Greensboro,NC,2026-03-05 08:00:00,2026-03-05,125,70,33,delivery_arrived,
CW-70025,Allegheny Freight Co,T-1699,Earl Hill,delivered,34.6914,-81.3567,Atlanta,GA,2026-03-05 16:00:00,2026-03-05,62,57,34,delivery_completed,
CW-70025,Allegheny Freight Co,T-1699,Earl Hill,delivered,35.2483,-80.7999,Charlotte,NC,2026-03-06 00:00:00,2026-03-05,0,0,35,delivery_completed,
CW-70780,Shenandoah Freight,T-4861,Bobby Lewis,delivered,37.1401,-79.8439,Roanoke,VA,2026-02-06 00:00:00,2026-02-06,376,0,,pickup_arrived,
CW-70780,Shenandoah Freight,T-4861,Bobby Lewis,delivered,37.8207,-80.3877,Toledo,OH,2026-02-06 04:00:00,2026-02-06,313,61,,pickup_departed,
CW-70780,Shenandoah Freight,T-4861,Bobby Lewis,delivered,38.3078,-80.9232,Cincinnati,OH,2026-02-06 08:00:00,2026-02-07,251,67,,in_transit,
CW-70780,Shenandoah Freight,T-4861,Bobby Lewis,delivered,38.7427,-81.4086,Cincinnati,OH,2026-02-06 12:00:00,2026-02-06,188,58,,check_call,
CW-70780,Shenandoah Freight,T-4861,Bobby Lewis,delivered,39.1290,-82.1045,Akron,OH,2026-02-06 16:00:00,2026-02-06,125,56,,delivery_arrived,
CW-70780,Shenandoah Freight,T-4861,Bobby Lewis,delivered,39.6454,-82.4243,Roanoke,VA,2026-02-06 20:00:00,2026-02-06,63,60,,delivery_completed,
CW-70780,Shenandoah Freight,T-4861,Bobby Lewis,delivered,39.8446,-82.9169,Columbus,OH,2026-02-07 00:00:00,2026-02-06,0,0,,delivery_completed,
CW-70618,Heartland Trucking Co,T-4564,Earl Hill,delivered,39.1811,-84.5894,Cincinnati,OH,2026-02-23 00:00:00,2026-02-24,883,0,-12,pickup_arrived,
CW-70618,Heartland Trucking Co,T-4564,Earl Hill,delivered,37.3611,-84.2309,Miami,FL,2026-02-23 08:00:00,2026-02-25,736,70,-11,pickup_departed,
CW-70618,Heartland Trucking Co,T-4564,Earl Hill,delivered,35.3916,-83.8905,Tampa,FL,2026-02-23 16:00:00,2026-02-24,589,60,-8,in_transit,
CW-70618,Heartland Trucking Co,T-4564,Earl Hill,delivered,33.5759,-83.4170,Cincinnati,OH,2026-02-24 00:00:00,2026-02-24,442,57,-10,check_call,
CW-70618,Heartland Trucking Co,T-4564,Earl Hill,delivered,31.6648,-83.0932,Pensacola,FL,2026-02-24 08:00:00,2026-02-25,294,63,-12,delivery_arrived,
CW-70618,Heartland Trucking Co,T-4564,Earl Hill,delivered,29.7273,-82.8523,Columbus,OH,2026-02-24 16:00:00,2026-02-24,147,60,-12,delivery_completed,
CW-70618,Heartland Trucking Co,T-4564,Earl Hill,delivered,28.0221,-82.3288,Tampa,FL,2026-02-25 00:00:00,2026-02-24,0,0,-8,delivery_completed,
CW-70829,Keystone Carriers Inc,T-2257,Ralph Wright,delivered,27.8924,-81.9659,Lakeland,FL,2025-09-14 00:00:00,2025-09-13,202,0,33,pickup_arrived,
CW-70829,Keystone Carriers Inc,T-2257,Ralph Wright,delivered,28.5447,-81.8519,Jacksonville,FL,2025-09-14 04:00:00,2025-09-14,168,59,34,pickup_departed,
CW-70829,Keystone Carriers Inc,T-2257,Ralph Wright,delivered,28.8740,-81.7592,Miami,FL,2025-09-14 08:00:00,2025-09-14,135,68,33,in_transit,
CW-70829,Keystone Carriers Inc,T-2257,Ralph Wright,delivered,29.3072,-81.9161,Jacksonville,FL,2025-09-14 12:00:00,2025-09-14,101,67,35,check_call,
CW-70829,Keystone Carriers Inc,T-2257,Ralph Wright,delivered,29.6172,-81.7042,Ocala,FL,2025-09-14 16:00:00,2025-09-14,67,65,34,delivery_arrived,
CW-70829,Keystone Carriers Inc,T-2257,Ralph Wright,delivered,29.9136,-81.7301,Daytona Beach,FL,2025-09-14 20:00:00,2025-09-14,34,69,33,delivery_completed,
CW-70829,Keystone Carriers Inc,T-2257,Ralph Wright,delivered,30.4151,-81.5223,Jacksonville,FL,2025-09-15 00:00:00,2025-09-14,0,0,35,delivery_completed,
CW-70717,Evergreen Transport LLC,T-9586,Andre Williams,delivered,43.0753,-83.6722,Flint,MI,2025-10-23 00:00:00,2025-10-24,1123,0,-11,pickup_arrived,
CW-70717,Evergreen Transport LLC,T-9586,Andre Williams,delivered,40.8499,-83.5610,Detroit,MI,2025-10-23 08:00:00,2025-10-25,936,62,-11,pickup_departed,
CW-70717,Evergreen Transport LLC,T-9586,Andre Williams,delivered,38.4320,-83.2932,Fort Myers,FL,2025-10-23 16:00:00,2025-10-25,749,55,-12,in_transit,
CW-70717,Evergreen Transport LLC,T-9586,Andre Williams,delivered,36.0314,-82.8685,Miami,FL,2025-10-24 00:00:00,2025-10-24,562,63,-11,check_call,
CW-70717,Evergreen Transport LLC,T-9586,Andre Williams,delivered,33.8345,-82.5428,Kalamazoo,MI,2025-10-24 08:00:00,2025-10-25,374,59,-9,delivery_arrived,
CW-70717,Evergreen Transport LLC,T-9586,Andre Williams,delivered,31.5052,-82.3031,Kalamazoo,MI,2025-10-24 16:00:00,2025-10-24,187,70,-10,delivery_completed,
CW-70717,Evergreen Transport LLC,T-9586,Andre Williams,delivered,29.2391,-82.1208,Ocala,FL,2025-10-25 00:00:00,2025-10-24,0,0,-10,delivery_completed,
CW-71098,Cardinal Logistics LLC,T-8182,Jerry Martin,delivered,43.5717,-116.1157,Boise,ID,2025-09-27 00:00:00,2025-09-27,471,0,,pickup_arrived,
CW-71098,Cardinal Logistics LLC,T-8182,Jerry Martin,delivered,43.2539,-111.4592,Spokane,WA,2025-09-27 04:00:00,2025-09-28,393,61,,pickup_departed,
CW-71098,Cardinal Logistics LLC,T-8182,Jerry Martin,delivered,42.7934,-106.3730,Meridian,ID,2025-09-27 08:00:00,2025-09-28,314,62,,in_transit,
CW-71098,Cardinal Logistics LLC,T-8182,Jerry Martin,delivered,42.2937,-101.5263,Boise,ID,2025-09-27 12:00:00,2025-09-28,236,67,,check_call,
CW-71098,Cardinal Logistics LLC,T-8182,Jerry Martin,delivered,41.9123,-96.8510,Nampa,ID,2025-09-27 16:00:00,2025-09-27,157,55,,delivery_arrived,
CW-71098,Cardinal Logistics LLC,T-8182,Jerry Martin,delivered,41.4111,-92.1054,Twin Falls,ID,2025-09-27 20:00:00,2025-09-27,78,61,,delivery_completed,
CW-71098,Cardinal Logistics LLC,T-8182,Jerry Martin,delivered,40.9173,-87.1796,Tacoma,WA,2025-09-28 00:00:00,2025-09-27,0,0,,delivery_completed,
CW-70318,Cardinal Logistics LLC,T-1233,Joe Walker,delivered,41.4936,-88.0512,Joliet,IL,2025-11-11 00:00:00,2025-11-11,427,0,,pickup_arrived,
CW-70318,Cardinal Logistics LLC,T-1233,Joe Walker,delivered,41.6617,-86.6382,Peoria,IL,2025-11-11 08:00:00,2025-11-12,285,62,,pickup_departed,
CW-70318,Cardinal Logistics LLC,T-1233,Joe Walker,delivered,41.7024,-85.1343,Rockford,IL,2025-11-11 16:00:00,2025-11-11,142,70,,in_transit,
CW-70318,Cardinal Logistics LLC,T-1233,Joe Walker,delivered,41.7396,-83.6826,Toledo,OH,2025-11-12 00:00:00,2025-11-11,0,0,,check_call,
CW-70689,Buckeye Freight Systems,T-5349,Kenny Allen,in_transit,37.9664,-87.6771,Evansville,IN,2025-04-29 00:00:00,2025-04-29,262,0,-8,pickup_arrived,
CW-70689,Buckeye Freight Systems,T-5349,Kenny Allen,in_transit,38.7382,-87.9476,South Bend,IN,2025-04-29 12:00:00,2025-04-29,197,67,-8,pickup_departed,
CW-70689,Buckeye Freight Systems,T-5349,Kenny Allen,in_transit,39.2786,-88.6047,South Bend,IN,2025-04-30 00:00:00,2025-04-29,131,65,-8,in_transit,
CW-70689,Buckeye Freight Systems,T-5349,Kenny Allen,in_transit,39.9599,-89.1285,Chicago,IL,2025-04-30 12:00:00,2025-04-30,66,68,-10,check_call,
CW-70689,Buckeye Freight Systems,T-5349,Kenny Allen,in_transit,40.6830,-89.6549,Peoria,IL,2025-05-01 00:00:00,2025-04-30,0,0,-12,delivery_arrived,
CW-70096,Shenandoah Freight,T-7372,Russell Young,delivered,40.0546,-83.0716,Columbus,OH,2025-08-08 00:00:00,2025-08-09,933,0,,pickup_arrived,
CW-70096,Shenandoah Freight,T-7372,Russell Young,delivered,37.5898,-82.6862,Pensacola,FL,2025-08-08 14:24:00,2025-08-10,746,69,,pickup_departed,
CW-70096,Shenandoah Freight,T-7372,Russell Young,delivered,35.1212,-82.5850,Akron,OH,2025-08-09 04:48:00,2025-08-10,560,70,,in_transit,
CW-70096,Shenandoah Freight,T-7372,Russell Young,delivered,32.8634,-82.4851,Daytona Beach,FL,2025-08-09 19:12:00,2025-08-10,373,57,,check_call,
CW-70096,Shenandoah Freight,T-7372,Russell Young,delivered,30.3271,-82.2393,Fort Myers,FL,2025-08-10 09:36:00,2025-08-10,187,62,,delivery_arrived,
CW-70096,Shenandoah Freight,T-7372,Russell Young,delivered,27.9319,-81.9471,Lakeland,FL,2025-08-11 00:00:00,2025-08-10,0,0,,delivery_completed,
CW-70109,Northstar Logistics,T-6352,Andre Williams,delivered,31.4455,-84.1455,Albany,GA,2025-03-31 00:00:00,2025-04-01,714,0,,pickup_arrived,
CW-70109,Northstar Logistics,T-6352,Andre Williams,delivered,33.4333,-82.3437,Atlanta,GA,2025-03-31 09:36:00,2025-04-01,571,70,,pickup_departed,
CW-70109,Northstar Logistics,T-6352,Andre Williams,delivered,35.6002,-80.8277,Reading,PA,2025-03-31 19:12:00,2025-04-01,428,69,,in_transit,
CW-70109,Northstar Logistics,T-6352,Andre Williams,delivered,37.5286,-79.0253,Scranton,PA,2025-04-01 04:48:00,2025-04-02,286,59,,check_call,
CW-70109,Northstar Logistics,T-6352,Andre Williams,delivered,39.4163,-77.3614,Columbus,GA,2025-04-01 14:24:00,2025-04-01,143,64,,delivery_arrived,
CW-70109,Northstar Logistics,T-6352,Andre Williams,delivered,41.5278,-75.6011,Scranton,PA,2025-04-02 00:00:00,2025-04-01,0,0,,delivery_completed,
CW-70314,Patriot Trucking Corp,T-9040,Wayne Lee,delivered,37.1936,-79.8542,Roanoke,VA,2025-06-21 00:00:00,2025-06-21,453,0,34,pickup_arrived,
CW-70314,Patriot Trucking Corp,T-9040,Wayne Lee,delivered,36.9648,-81.0544,Richmond,VA,2025-06-21 12:00:00,2025-06-22,340,69,35,pickup_departed,
CW-70314,Patriot Trucking Corp,T-9040,Wayne Lee,delivered,36.7283,-81.9245,Knoxville,TN,2025-06-22 00:00:00,2025-06-22,227,58,33,in_transit,
CW-70314,Patriot Trucking Corp,T-9040,Wayne Lee,delivered,36.3308,-82.7816,Richmond,VA,2025-06-22 12:00:00,2025-06-22,113,65,33,check_call,
CW-70314,Patriot Trucking Corp,T-9040,Wayne Lee,delivered,35.8240,-84.0348,Knoxville,TN,2025-06-23 00:00:00,2025-06-22,0,0,35,delivery_arrived,
CW-70925,Sunbelt Carriers LLC,T-1500,Juan Hernandez,delivered,36.1189,-79.8428,Greensboro,NC,2025-05-31 00:00:00,2025-05-30,190,0,,pickup_arrived,
CW-70925,Sunbelt Carriers LLC,T-1500,Juan Hernandez,delivered,35.8808,-80.1645,Spartanburg,SC,2025-05-31 08:00:00,2025-05-31,158,62,,pickup_departed,
CW-70925,Sunbelt Carriers LLC,T-1500,Juan Hernandez,delivered,35.6641,-80.6212,Charlotte,NC,2025-05-31 16:00:00,2025-05-31,127,68,,in_transit,
CW-70925,Sunbelt Carriers LLC,T-1500,Juan Hernandez,delivered,35.4607,-80.9486,Charleston,SC,2025-06-01 00:00:00,2025-05-31,95,69,,check_call,
CW-70925,Sunbelt Carriers LLC,T-1500,Juan Hernandez,delivered,35.2825,-81.3036,Raleigh,NC,2025-06-01 08:00:00,2025-06-01,63,66,,delivery_arrived,
CW-70925,Sunbelt Carriers LLC,T-1500,Juan Hernandez,delivered,35.2467,-81.7006,Greenville,SC,2025-06-01 16:00:00,2025-06-01,32,68,,delivery_completed,
CW-70925,Sunbelt Carriers LLC,T-1500,Juan Hernandez,delivered,34.9276,-82.0284,Spartanburg,SC,2025-06-02 00:00:00,2025-06-01,0,0,,delivery_completed,
CW-70663,Heartland Trucking Co,T-8818,Joe Walker,delivered,39.8689,-84.1599,Dayton,OH,2025-06-04 00:00:00,2025-06-04,469,0,35,pickup_arrived,
CW-70663,Heartland Trucking Co,T-8818,Joe Walker,delivered,39.8630,-81.6930,Columbus,OH,2025-06-04 12:00:00,2025-06-05,352,61,34,pickup_departed,
CW-70663,Heartland Trucking Co,T-8818,Joe Walker,delivered,40.1065,-79.1842,Dayton,OH,2025-06-05 00:00:00,2025-06-05,235,70,35,in_transit,
CW-70663,Heartland Trucking Co,T-8818,Joe Walker,delivered,40.5218,-76.7775,Elizabeth,NJ,2025-06-05 12:00:00,2025-06-05,117,56,34,check_call,
CW-70663,Heartland Trucking Co,T-8818,Joe Walker,delivered,40.7765,-74.1547,Newark,NJ,2025-06-06 00:00:00,2025-06-05,0,0,33,delivery_arrived,
CW-70104,Shenandoah Freight,T-1665,Jimmy Robinson,delivered,42.9451,-85.6385,Grand Rapids,MI,2025-12-15 00:00:00,2025-12-15,372,0,,pickup_arrived,
CW-70104,Shenandoah Freight,T-1665,Jimmy Robinson,delivered,42.4709,-86.4292,Detroit,MI,2025-12-15 16:00:00,2025-12-16,248,58,,pickup_departed,
CW-70104,Shenandoah Freight,T-1665,Jimmy Robinson,delivered,42.1982,-87.0406,Lansing,MI,2025-12-16 08:00:00,2025-12-16,124,70,,in_transit,
CW-70104,Shenandoah Freight,T-1665,Jimmy Robinson,delivered,41.8071,-87.5308,Chicago,IL,2025-12-17 00:00:00,2025-12-16,0,0,,check_call,
