Movement ID,Customer,Shipper Location,Origin City,Origin State,Origin Zip,Consignee,Dest City,Dest State,Dest Zip,Ship Date,Del Date,Equipment,Weight,Miles,Customer Charge,Carrier Pay,Fuel Surcharge,Margin,Margin %,Rate Per Mile,Status,Commodity,Carrier Name,Carrier MC,Driver,Dispatcher,Sales Rep,Reference,Temperature
CW-50001,PepsiCo,PepsiCo Beverages DC,Tampa,FL,33602,PepsiCo Distribution Center,Atlanta,GA,30301,2026-03-16,2026-03-17,Reefer,42000,460,2944,2120,265,559,19.0,6.40,delivered,Beverages,Swift Transport LLC,MC-284927,Carlos Garcia,Natasa Parenta,Brendaly Rivera,PO-38271,34F
CW-50002,PepsiCo,Frito-Lay Distribution,Jacksonville,FL,32202,PepsiCo Regional Hub,Charlotte,NC,28201,2026-03-16,2026-03-17,Reefer,38000,540,3456,2488,311,657,19.0,6.40,delivered,Snack Foods,Eagle Freight Inc,MC-391054,James Williams,Milos Mandic,Brendaly Rivera,BOL-44512,34F
CW-50003,Spartan Nash,Spartan Nash DC Grand Rapids,Grand Rapids,MI,49501,Spartan Nash Distribution,Columbus,OH,43201,2026-03-16,2026-03-17,Reefer,36000,310,1984,1468,179,337,17.0,6.40,delivered,Grocery Products,Buckeye Freight Systems,MC-256783,Robert Johnson,Luka Cipovic,Ilija Tojagic,PO-51923,34F
CW-50004,PepsiCo,PepsiCo Tampa Warehouse,Tampa,FL,33602,PepsiCo Cold Storage Facility,Newark,NJ,07102,2026-03-16,2026-03-18,Reefer,44000,1090,6976,5372,628,976,14.0,6.40,delivered,Sports Drinks,Keystone Carriers Inc,MC-367894,Michael Brown,Natasa Parenta,Brendaly Rivera,PO-38274,34F
CW-50005,Performance Food Group,PFG Customized Distribution,Richmond,VA,23219,PFG Receiving Dock,Raleigh,NC,27601,2026-03-16,2026-03-16,Reefer,32000,170,1088,806,98,184,16.9,6.40,delivered,Restaurant Supplies,Cardinal Logistics LLC,MC-678905,David Martinez,Milos Mandic,Ilija Tojagic,BOL-67834,34F
CW-50006,Boise Paper,Boise Paper Mill,Boise,ID,83701,Boise Paper Distribution,Chicago,IL,60601,2026-03-16,2026-03-19,Flatbed,46000,1690,8450,7393,634,423,5.0,5.00,delivered,Paper Products,Mountain West Transport,MC-729415,William Davis,Luka Cipovic,Robert Workman,PO-72145,
CW-50007,PepsiCo,Gatorade Production Facility,Lakeland,FL,33801,PepsiCo Store DC,Philadelphia,PA,19101,2026-03-16,2026-03-18,Reefer,40000,1020,6528,5026,587,915,14.0,6.40,delivered,Sports Drinks,Evergreen Transport LLC,MC-478905,Jose Lopez,Natasa Parenta,Brendaly Rivera,BOL-44518,34F
CW-50008,Target,Target Regional DC,Edison,NJ,08817,Target Distribution Center,Richmond,VA,23219,2026-03-16,2026-03-17,Dry Van,28000,330,1848,1368,166,314,17.0,5.60,delivered,General Merchandise,Tri-State Hauling Inc,MC-345672,Thomas Wilson,Milos Mandic,Robert Workman,PO-83291,
CW-50009,Coca-Cola,Coca-Cola Bottling Consolidated,Atlanta,GA,30301,Coca-Cola Distribution Center,Tampa,FL,33602,2026-03-16,2026-03-17,Reefer,43000,470,3008,2225,271,512,17.0,6.40,delivered,Beverages,Gulf Coast Carriers,MC-334561,Daniel Anderson,Luka Cipovic,Brendaly Rivera,PO-29384,34F
CW-50010,PepsiCo,PepsiCo Southeast Hub,Orlando,FL,32801,PepsiCo Warehouse A,Savannah,GA,31401,2026-03-16,2026-03-17,Reefer,35000,280,1792,1290,161,341,19.0,6.40,delivered,Beverages,Sunbelt Carriers LLC,MC-618342,Carlos Martinez,Natasa Parenta,Brendaly Rivera,BOL-44523,34F
CW-50011,PepsiCo,Frito-Lay Distribution,Tampa,FL,33602,PepsiCo Cross-Dock Facility,Miami,FL,33101,2026-03-16,2026-03-16,Reefer,30000,82,984,795,89,100,10.2,12.00,delivered,Snack Foods,Seminole Express,MC-889016,Pedro Hernandez,Milos Mandic,Brendaly Rivera,PO-38280,34F
CW-50012,Kroger,Kroger Distribution Center,Cincinnati,OH,45201,Kroger Fresh Foods DC,Detroit,MI,48201,2026-03-16,2026-03-17,Reefer,34000,270,1728,1279,156,293,17.0,6.40,delivered,Grocery Products,Great Lakes Express,MC-801238,James Thomas,Luka Cipovic,Ilija Tojagic,BOL-55891,34F
CW-50013,PepsiCo,PepsiCo Beverages DC,Jacksonville,FL,32202,PepsiCo Regional Hub,Norfolk,VA,23501,2026-03-16,2026-03-18,Reefer,41000,680,4352,3353,392,607,13.9,6.40,delivered,Beverages,Carolina Freight Corp,MC-667895,Michael Moore,Natasa Parenta,Brendaly Rivera,PO-38283,34F
CW-50014,FedEx Ground,FedEx Ground Hub,Philadelphia,PA,19101,FedEx Ground Sort Facility,Edison,NJ,08817,2026-03-16,2026-03-16,Dry Van,24000,88,880,686,70,124,14.1,10.00,delivered,Parcel Freight,Evergreen Transport LLC,MC-478905,Steven Taylor,Milos Mandic,Robert Workman,BOL-78234,
CW-50015,PepsiCo,PepsiCo Tampa Warehouse,Tampa,FL,33602,PepsiCo Distribution Center,Charlotte,NC,28201,2026-03-16,2026-03-17,Reefer,39000,570,3648,2702,328,618,16.9,6.40,delivered,Beverages,Patriot Trucking Corp,MC-502187,Robert Garcia,Luka Cipovic,Brendaly Rivera,PO-38286,34F
CW-50016,Spartan Nash,Spartan Nash Distribution,Lansing,MI,48901,Spartan Nash Regional Warehouse,Cleveland,OH,44101,2026-03-16,2026-03-17,Reefer,33000,250,1600,1184,144,272,17.0,6.40,delivered,Frozen Foods,Wolverine Freight Inc,MC-112349,David Wilson,Natasa Parenta,Ilija Tojagic,PO-51930,-10F
CW-50017,PepsiCo,Gatorade Production Facility,Orlando,FL,32801,PepsiCo Store DC,Augusta,GA,30901,2026-03-16,2026-03-17,Reefer,37000,350,2240,1659,202,379,16.9,6.40,delivered,Sports Drinks,Copperhead Carriers,MC-223451,Victor Martin,Milos Mandic,Brendaly Rivera,BOL-44530,34F
CW-50018,Boise Paper,Boise Cascade Packaging,Idaho Falls,ID,83401,Boise Paper Distribution,Dallas,TX,75201,2026-03-16,2026-03-19,Flatbed,44000,1540,7700,6776,577,347,4.5,5.00,delivered,Cardboard Rolls,Lone Star Freight,MC-912349,Juan Jackson,Luka Cipovic,Robert Workman,PO-72150,
CW-50019,PepsiCo,PepsiCo Beverages DC,Tampa,FL,33602,PepsiCo Warehouse A,Raleigh,NC,27601,2026-03-16,2026-03-18,Reefer,42000,640,4096,2990,369,737,18.0,6.40,delivered,Beverages,Blue Ridge Transport,MC-123450,Andre Davis,Natasa Parenta,Brendaly Rivera,PO-38292,34F
CW-50020,Performance Food Group,PFG Foodservice Warehouse,Charlotte,NC,28201,PFG Southeast DC,Atlanta,GA,30301,2026-03-16,2026-03-17,Reefer,31000,240,1536,1137,138,261,17.0,6.40,delivered,Fresh Produce,Eagle Freight Inc,MC-391054,Thomas Brown,Milos Mandic,Ilija Tojagic,BOL-67845,34F
CW-50021,PepsiCo,Frito-Lay Distribution,Atlanta,GA,30301,PepsiCo Distribution Center,Tampa,FL,33602,2026-03-17,2026-03-18,Reefer,36000,470,3008,2345,271,392,13.0,6.40,delivered,Snack Foods,Gulf Coast Carriers,MC-334561,James Lopez,Luka Cipovic,Brendaly Rivera,PO-38295,34F
CW-50022,Coca-Cola,Coca-Cola Distribution Center,Atlanta,GA,30301,Coca-Cola Southeast Plant,Jacksonville,FL,32202,2026-03-17,2026-03-17,Reefer,43000,350,2240,1659,202,379,16.9,6.40,delivered,Beverages,Sunbelt Carriers LLC,MC-618342,Carlos Anderson,Natasa Parenta,Brendaly Rivera,BOL-29391,34F
CW-50023,PepsiCo,PepsiCo Tampa Warehouse,Lakeland,FL,33801,PepsiCo Cold Storage Facility,Harrisburg,PA,17101,2026-03-17,2026-03-19,Reefer,40000,950,6080,4682,547,851,14.0,6.40,delivered,Beverages,Keystone Carriers Inc,MC-367894,William Hernandez,Milos Mandic,Brendaly Rivera,PO-38298,34F
CW-50024,Target,Target Distribution Center,Camden,NJ,08101,Target Import Warehouse,Charlotte,NC,28201,2026-03-17,2026-03-18,Dry Van,26000,520,2912,2155,262,495,17.0,5.60,delivered,Household Goods,Patriot Trucking Corp,MC-502187,Michael Taylor,Luka Cipovic,Robert Workman,PO-83298,
CW-50025,PepsiCo,PepsiCo Southeast Hub,Tampa,FL,33602,PepsiCo Regional Hub,Augusta,GA,30901,2026-03-17,2026-03-17,Reefer,38000,380,2432,1890,219,323,13.3,6.40,delivered,Beverages,Coastal Freight Lines,MC-789016,Jose Williams,Natasa Parenta,Brendaly Rivera,BOL-44540,34F
CW-50026,Spartan Nash,Spartan Nash DC Grand Rapids,Grand Rapids,MI,49501,Spartan Nash Distribution,Chicago,IL,60601,2026-03-17,2026-03-17,Reefer,35000,180,1152,853,104,195,16.9,6.40,delivered,Dairy Products,Heartland Trucking Co,MC-456783,Robert Moore,Milos Mandic,Ilija Tojagic,PO-51937,34F
CW-50027,PepsiCo,PepsiCo Beverages DC,Jacksonville,FL,32202,PepsiCo Distribution Center,Newark,NJ,07102,2026-03-17,2026-03-19,Reefer,44000,1020,6528,5548,587,-607,-9.3,6.40,delivered,Beverages,Empire State Trucking,MC-778906,Daniel Garcia,Luka Cipovic,Brendaly Rivera,PO-38304,34F
CW-50028,Kroger,Kroger Peyton Distribution,Columbus,OH,43201,Kroger Fresh Foods DC,Pittsburgh,PA,15201,2026-03-17,2026-03-17,Reefer,33000,190,1216,900,110,206,16.9,6.40,delivered,Frozen Foods,Redline Freight Corp,MC-667894,Mark Wilson,Natasa Parenta,Ilija Tojagic,BOL-55900,-10F
CW-50029,PepsiCo,Gatorade Production Facility,Tampa,FL,33602,PepsiCo Warehouse A,Greensboro,NC,27401,2026-03-17,2026-03-18,Reefer,39000,620,3968,2936,357,675,17.0,6.40,delivered,Sports Drinks,Carolina Freight Corp,MC-667895,Steven Martinez,Milos Mandic,Brendaly Rivera,PO-38307,34F
CW-50030,FedEx Ground,FedEx Ground Distribution,Newark,NJ,07102,FedEx Ground Hub,Philadelphia,PA,19101,2026-03-17,2026-03-17,Dry Van,22000,95,855,667,68,120,14.0,9.00,delivered,E-Commerce Packages,Evergreen Transport LLC,MC-478905,Pedro Taylor,Luka Cipovic,Robert Workman,BOL-78245,
CW-50031,PepsiCo,PepsiCo Beverages DC,Orlando,FL,32801,PepsiCo Distribution Center,Savannah,GA,31401,2026-03-17,2026-03-17,Reefer,37000,290,1856,1374,167,315,17.0,6.40,delivered,Beverages,Sunbelt Carriers LLC,MC-618342,James Anderson,Natasa Parenta,Brendaly Rivera,BOL-44548,34F
CW-50032,Performance Food Group,PFG Southeast DC,Raleigh,NC,27601,PFG Customized Distribution,Richmond,VA,23219,2026-03-17,2026-03-17,Reefer,30000,170,1088,806,98,184,16.9,6.40,delivered,Restaurant Supplies,Cardinal Logistics LLC,MC-678905,David Lopez,Milos Mandic,Ilija Tojagic,PO-67850,34F
CW-50033,PepsiCo,Frito-Lay Distribution,Tampa,FL,33602,PepsiCo Cross-Dock Facility,Fort Myers,FL,33901,2026-03-17,2026-03-17,Reefer,28000,68,952,768,86,98,10.3,14.00,delivered,Snack Foods,Seminole Express,MC-889016,Victor Brown,Luka Cipovic,Brendaly Rivera,PO-38313,34F
CW-50034,Coca-Cola,Coca-Cola Southeast Plant,Atlanta,GA,30301,Coca-Cola Bottling Consolidated,Charlotte,NC,28201,2026-03-17,2026-03-17,Reefer,42000,250,1600,1184,144,272,17.0,6.40,delivered,Syrup Concentrate,Patriot Trucking Corp,MC-502187,Carlos Davis,Natasa Parenta,Brendaly Rivera,BOL-29400,34F
CW-50035,PepsiCo,PepsiCo Tampa Warehouse,Tampa,FL,33602,PepsiCo Store DC,Detroit,MI,48201,2026-03-17,2026-03-19,Reefer,41000,1180,7552,5814,680,1058,14.0,6.40,delivered,Beverages,Great Lakes Express,MC-801238,William Thomas,Milos Mandic,Brendaly Rivera,PO-38316,34F
CW-50036,Boise Paper,Boise Paper Mill,Boise,ID,83701,Boise Paper Distribution,Springfield,IL,62701,2026-03-17,2026-03-20,Flatbed,47000,1610,8050,7084,604,362,4.5,5.00,delivered,Packaging Materials,Mountain West Transport,MC-729415,Thomas Hernandez,Luka Cipovic,Robert Workman,BOL-72155,
CW-50037,PepsiCo,PepsiCo Southeast Hub,Jacksonville,FL,32202,PepsiCo Warehouse A,Atlanta,GA,30301,2026-03-17,2026-03-17,Reefer,36000,350,2240,1659,202,379,16.9,6.40,delivered,Beverages,Eagle Freight Inc,MC-391054,Robert Garcia,Natasa Parenta,Brendaly Rivera,PO-38319,34F
CW-50038,Target,Target Regional DC,Atlanta,GA,30301,Target Distribution Center,Tampa,FL,33602,2026-03-17,2026-03-18,Dry Van,25000,470,2632,1948,237,447,17.0,5.60,delivered,Seasonal Products,Swift Transport LLC,MC-284927,Michael Wilson,Milos Mandic,Robert Workman,PO-83305,
CW-50039,PepsiCo,PepsiCo Beverages DC,Tampa,FL,33602,PepsiCo Distribution Center,Cleveland,OH,44101,2026-03-17,2026-03-19,Reefer,40000,1060,6784,5878,611,-705,-10.4,6.40,delivered,Beverages,Buckeye Freight Systems,MC-256783,Jose Thomas,Luka Cipovic,Brendaly Rivera,BOL-44558,34F
CW-50040,Spartan Nash,Spartan Nash Regional Warehouse,Detroit,MI,48201,Spartan Nash DC Grand Rapids,Grand Rapids,MI,49501,2026-03-17,2026-03-17,Reefer,34000,75,900,702,72,126,14.0,12.00,delivered,Grocery Products,Wolverine Freight Inc,MC-112349,Daniel Martin,Natasa Parenta,Ilija Tojagic,PO-51944,34F
CW-50041,PepsiCo,Gatorade Production Facility,Lakeland,FL,33801,PepsiCo Regional Hub,Roanoke,VA,24011,2026-03-17,2026-03-19,Reefer,38000,780,4992,3844,449,699,14.0,6.40,delivered,Sports Drinks,Blue Ridge Transport,MC-123450,Mark Anderson,Milos Mandic,Brendaly Rivera,PO-38325,34F
CW-50042,Performance Food Group,PFG Foodservice Warehouse,Norfolk,VA,23501,PFG Southeast DC,Greensboro,NC,27401,2026-03-17,2026-03-18,Reefer,31000,200,1280,947,115,218,17.0,6.40,delivered,Frozen Entrees,Cardinal Logistics LLC,MC-678905,Steven Garcia,Luka Cipovic,Ilija Tojagic,BOL-67858,-10F
CW-50043,PepsiCo,PepsiCo Beverages DC,Tampa,FL,33602,PepsiCo Cold Storage Facility,Raleigh,NC,27601,2026-03-18,2026-03-19,Reefer,42000,640,4096,3031,369,696,17.0,6.40,delivered,Beverages,Carolina Freight Corp,MC-667895,James Hernandez,Natasa Parenta,Brendaly Rivera,PO-38328,34F
CW-50044,Coca-Cola,Coca-Cola Distribution Center,Savannah,GA,31401,Coca-Cola Bottling Consolidated,Norfolk,VA,23501,2026-03-18,2026-03-19,Reefer,43000,520,3328,2463,300,565,17.0,6.40,delivered,Bottled Water,Patriot Trucking Corp,MC-502187,Carlos Wilson,Milos Mandic,Brendaly Rivera,PO-29407,34F
CW-50045,PepsiCo,Frito-Lay Distribution,Atlanta,GA,30301,PepsiCo Distribution Center,Jacksonville,FL,32202,2026-03-18,2026-03-18,Reefer,35000,350,2240,1659,202,379,16.9,6.40,delivered,Snack Foods,Gulf Coast Carriers,MC-334561,William Lopez,Luka Cipovic,Brendaly Rivera,BOL-44565,34F
CW-50046,FedEx Ground,FedEx Ground Sort Facility,Harrisburg,PA,17101,FedEx Ground Distribution,Newark,NJ,07102,2026-03-18,2026-03-18,Dry Van,23000,180,1008,746,91,171,17.0,5.60,delivered,Ground Parcels,Tri-State Hauling Inc,MC-345672,Pedro Brown,Natasa Parenta,Robert Workman,BOL-78256,
CW-50047,PepsiCo,PepsiCo Tampa Warehouse,Tampa,FL,33602,PepsiCo Warehouse A,Columbus,OH,43201,2026-03-18,2026-03-20,Reefer,39000,940,6016,4632,541,843,14.0,6.40,delivered,Beverages,Buckeye Freight Systems,MC-256783,Michael Martinez,Milos Mandic,Brendaly Rivera,PO-38334,34F
CW-50048,Kroger,Kroger Fresh Foods DC,Cleveland,OH,44101,Kroger Distribution Center,Lansing,MI,48901,2026-03-18,2026-03-18,Reefer,33000,230,1472,1089,133,250,17.0,6.40,delivered,Bakery Items,Great Lakes Express,MC-801238,David Anderson,Luka Cipovic,Ilija Tojagic,PO-55907,34F
CW-50049,PepsiCo,PepsiCo Southeast Hub,Orlando,FL,32801,PepsiCo Distribution Center,Augusta,GA,30901,2026-03-18,2026-03-18,Reefer,37000,340,2176,1610,196,370,17.0,6.40,delivered,Beverages,Copperhead Carriers,MC-223451,Thomas Davis,Natasa Parenta,Brendaly Rivera,BOL-44570,34F
CW-50050,Boise Paper,Boise Cascade Packaging,Boise,ID,83701,Boise Paper Distribution,Dallas,TX,75201,2026-03-18,2026-03-21,Flatbed,45000,1540,7700,7469,577,-346,-4.5,5.00,in_transit,Paper Products,Lone Star Freight,MC-912349,Robert Thomas,Milos Mandic,Robert Workman,PO-72160,
CW-50051,Coca-Cola,Coca-Cola Distribution Center,Atlanta,GA,30301,Coca-Cola Southeast Plant,Greenville,SC,29601,2026-03-18,2026-03-19,Reefer,42000,170,1088,806,98,184,16.9,6.40,delivered,Beverages,Eagle Freight Inc,MC-391054,Jose Martin,Luka Cipovic,Brendaly Rivera,BOL-29410,34F
CW-50052,Spartan Nash,Spartan Nash DC Grand Rapids,Grand Rapids,MI,49501,Spartan Nash Distribution,Cincinnati,OH,45201,2026-03-18,2026-03-19,Reefer,35000,290,1856,1374,167,315,17.0,6.40,delivered,Frozen Foods,Redline Freight Corp,MC-667894,Daniel Wilson,Natasa Parenta,Ilija Tojagic,BOL-51950,-10F
CW-50053,PepsiCo,Gatorade Production Facility,Tampa,FL,33602,PepsiCo Cross-Dock Facility,Philadelphia,PA,19101,2026-03-18,2026-03-20,Reefer,41000,1020,6528,5026,587,915,14.0,6.40,delivered,Sports Drinks,Keystone Carriers Inc,MC-367894,Mark Lopez,Milos Mandic,Brendaly Rivera,PO-38343,34F
CW-50054,Target,Target Import Warehouse,Newark,NJ,07102,Target Regional DC,Atlanta,GA,30301,2026-03-18,2026-03-19,Dry Van,27000,760,4256,3149,383,724,17.0,5.60,delivered,General Merchandise,Swift Transport LLC,MC-284927,Steven Hernandez,Luka Cipovic,Robert Workman,PO-83312,
CW-50055,PepsiCo,PepsiCo Beverages DC,Jacksonville,FL,32202,PepsiCo Warehouse A,Miami,FL,33101,2026-03-18,2026-03-18,Reefer,34000,90,990,774,79,137,13.8,11.00,delivered,Beverages,Sunbelt Carriers LLC,MC-618342,Victor Anderson,Natasa Parenta,Brendaly Rivera,BOL-44578,34F
CW-50056,Coca-Cola,Coca-Cola Bottling Consolidated,Atlanta,GA,30301,Coca-Cola Distribution Center,Richmond,VA,23219,2026-03-18,2026-03-19,Reefer,43000,540,3456,2488,311,657,19.0,6.40,delivered,Beverages,Cardinal Logistics LLC,MC-678905,James Brown,Milos Mandic,Brendaly Rivera,PO-29414,34F
CW-50057,Kroger,Kroger Distribution Center,Columbus,OH,43201,Kroger Peyton Distribution,Detroit,MI,48201,2026-03-18,2026-03-19,Reefer,33000,200,1280,947,115,218,17.0,6.40,delivered,Grocery Products,Great Lakes Express,MC-801238,Carlos Thomas,Luka Cipovic,Ilija Tojagic,PO-55910,34F
CW-50058,Spartan Nash,Spartan Nash Distribution,Lansing,MI,48901,Spartan Nash DC Grand Rapids,Grand Rapids,MI,49501,2026-03-18,2026-03-18,Reefer,34000,62,868,642,78,148,17.1,14.00,delivered,Grocery Products,Wolverine Freight Inc,MC-112349,William Martin,Natasa Parenta,Ilija Tojagic,PO-51940,34F
CW-50059,Kroger,Kroger Distribution Center,Columbus,OH,43201,Kroger Peyton Distribution,Chicago,IL,60601,2026-03-18,2026-03-19,Reefer,33000,360,2304,1705,207,392,17.0,6.40,delivered,Grocery Products,Heartland Trucking Co,MC-456783,Michael Garcia,Milos Mandic,Ilija Tojagic,PO-55914,34F
CW-50060,PepsiCo,PepsiCo Southeast Hub,Tampa,FL,33602,PepsiCo Cold Storage Facility,Charlotte,NC,28201,2026-03-18,2026-03-19,Reefer,40000,570,3648,2702,328,618,16.9,6.40,delivered,Beverages,Patriot Trucking Corp,MC-502187,Pedro Williams,Luka Cipovic,Brendaly Rivera,PO-38355,34F
CW-50061,Performance Food Group,PFG Customized Distribution,Charlotte,NC,28201,PFG Foodservice Warehouse,Augusta,GA,30901,2026-03-18,2026-03-19,Reefer,30000,220,1408,1042,127,239,17.0,6.40,delivered,Fresh Produce,Copperhead Carriers,MC-223451,Robert Davis,Natasa Parenta,Ilija Tojagic,BOL-67865,34F
CW-50062,PepsiCo,PepsiCo Beverages DC,Orlando,FL,32801,PepsiCo Distribution Center,Nashville,TN,37201,2026-03-19,2026-03-20,Reefer,39000,670,4288,3261,386,641,14.9,6.40,delivered,Beverages,Volunteer Express Inc,MC-145672,Thomas Hernandez,Milos Mandic,Brendaly Rivera,PO-38358,34F
CW-50063,FedEx Ground,FedEx Ground Hub,Pittsburgh,PA,15201,FedEx Ground Sort Facility,Columbus,OH,43201,2026-03-19,2026-03-19,Dry Van,21000,190,1064,787,96,181,17.0,5.60,delivered,Parcel Freight,Redline Freight Corp,MC-667894,David Taylor,Luka Cipovic,Robert Workman,BOL-78267,
CW-50064,PepsiCo,Frito-Lay Distribution,Jacksonville,FL,32202,PepsiCo Warehouse A,Tampa,FL,33602,2026-03-19,2026-03-19,Reefer,34000,65,845,682,76,87,10.3,13.00,delivered,Snack Foods,Seminole Express,MC-889016,Jose Anderson,Natasa Parenta,Brendaly Rivera,PO-38361,34F
CW-50065,Spartan Nash,Spartan Nash Distribution,Detroit,MI,48201,Spartan Nash DC Grand Rapids,Grand Rapids,MI,49501,2026-03-19,2026-03-19,Reefer,33000,78,936,731,75,130,13.9,12.00,delivered,Grocery Products,Wolverine Freight Inc,MC-112349,Mark Brown,Milos Mandic,Ilija Tojagic,BOL-51957,34F
CW-50066,PepsiCo,PepsiCo Tampa Warehouse,Tampa,FL,33602,PepsiCo Distribution Center,Norfolk,VA,23501,2026-03-19,2026-03-21,Reefer,42000,760,4864,3745,438,681,14.0,6.40,delivered,Beverages,Blue Ridge Transport,MC-123450,Steven Wilson,Luka Cipovic,Brendaly Rivera,PO-38364,34F
CW-50067,Coca-Cola,Coca-Cola Distribution Center,Savannah,GA,31401,Coca-Cola Southeast Plant,Tampa,FL,33602,2026-03-19,2026-03-19,Reefer,41000,400,2560,1894,230,436,17.0,6.40,delivered,Beverages,Sunbelt Carriers LLC,MC-618342,Carlos Williams,Natasa Parenta,Brendaly Rivera,BOL-29418,34F
CW-50068,PepsiCo,PepsiCo Southeast Hub,Tampa,FL,33602,PepsiCo Store DC,Raleigh,NC,27601,2026-03-19,2026-03-20,Reefer,38000,640,4096,3031,369,696,17.0,6.40,delivered,Beverages,Carolina Freight Corp,MC-667895,William Anderson,Milos Mandic,Brendaly Rivera,PO-38367,34F
CW-50069,Target,Target Distribution Center,Atlanta,GA,30301,Target Regional DC,Charleston,SC,29401,2026-03-19,2026-03-19,Dry Van,26000,300,1680,1243,151,286,17.0,5.60,delivered,Household Goods,Eagle Freight Inc,MC-391054,Michael Lopez,Luka Cipovic,Robert Workman,PO-83319,
CW-50070,PepsiCo,PepsiCo Beverages DC,Tampa,FL,33602,PepsiCo Regional Hub,Pittsburgh,PA,15201,2026-03-19,2026-03-21,Reefer,43000,1010,6464,5586,582,-704,-10.9,6.40,delivered,Beverages,Keystone Carriers Inc,MC-367894,Daniel Martin,Natasa Parenta,Brendaly Rivera,BOL-44598,34F
CW-50071,Boise Paper,Boise Paper Mill,Boise,ID,83701,Boise Paper Distribution,Houston,TX,77001,2026-03-19,2026-03-22,Flatbed,46000,1680,8400,8148,630,-378,-4.5,5.00,delivered,Paper Products,Lone Star Freight,MC-912349,Thomas Moore,Milos Mandic,Robert Workman,PO-72165,
CW-50072,Target,Target Distribution Center,Atlanta,GA,30301,Target Regional DC,Tampa,FL,33602,2026-03-19,2026-03-20,Dry Van,26000,470,2632,1948,237,447,17.0,5.60,delivered,General Merchandise,Gulf Coast Carriers,MC-334561,Robert Garcia,Luka Cipovic,Robert Workman,PO-83322,
CW-50073,Performance Food Group,PFG Foodservice Warehouse,Richmond,VA,23219,PFG Customized Distribution,Norfolk,VA,23501,2026-03-19,2026-03-19,Reefer,29000,92,920,726,74,120,13.0,10.00,delivered,Restaurant Supplies,Cardinal Logistics LLC,MC-678905,James Martinez,Natasa Parenta,Ilija Tojagic,BOL-67872,34F
CW-50074,PepsiCo,PepsiCo Beverages DC,Tampa,FL,33602,PepsiCo Distribution Center,Grand Rapids,MI,49501,2026-03-19,2026-03-21,Reefer,40000,1140,7296,5617,657,1022,14.0,6.40,delivered,Beverages,Great Lakes Express,MC-801238,Jose Davis,Milos Mandic,Brendaly Rivera,PO-38376,34F
CW-50075,Spartan Nash,Spartan Nash DC Grand Rapids,Grand Rapids,MI,49501,Spartan Nash Regional Warehouse,Pittsburgh,PA,15201,2026-03-19,2026-03-20,Reefer,34000,480,3072,2273,277,522,17.0,6.40,delivered,Dairy Products,Keystone Carriers Inc,MC-367894,Victor Taylor,Luka Cipovic,Ilija Tojagic,PO-51964,34F
CW-50076,PepsiCo,Frito-Lay Distribution,Atlanta,GA,30301,PepsiCo Cross-Dock Facility,Charlotte,NC,28201,2026-03-19,2026-03-19,Reefer,35000,250,1600,1184,144,272,17.0,6.40,delivered,Snack Foods,Patriot Trucking Corp,MC-502187,Pedro Anderson,Natasa Parenta,Brendaly Rivera,BOL-44605,34F
CW-50077,FedEx Ground,FedEx Ground Distribution,Edison,NJ,08817,FedEx Ground Hub,Richmond,VA,23219,2026-03-19,2026-03-20,Dry Van,24000,330,1848,1368,166,314,17.0,5.60,delivered,E-Commerce Packages,Tri-State Hauling Inc,MC-345672,Steven Brown,Milos Mandic,Robert Workman,PO-78272,
CW-50078,Performance Food Group,PFG Customized Distribution,Charlotte,NC,28201,PFG Foodservice Warehouse,Charleston,SC,29401,2026-03-19,2026-03-20,Reefer,31000,200,1280,947,115,218,17.0,6.40,delivered,Restaurant Supplies,Eagle Freight Inc,MC-391054,Mark Hernandez,Luka Cipovic,Ilija Tojagic,BOL-67870,34F
CW-50079,Coca-Cola,Coca-Cola Bottling Consolidated,Atlanta,GA,30301,Coca-Cola Distribution Center,Greensboro,NC,27401,2026-03-19,2026-03-20,Reefer,42000,340,2176,1610,196,370,17.0,6.40,delivered,Syrup Concentrate,Carolina Freight Corp,MC-667895,David Williams,Natasa Parenta,Brendaly Rivera,BOL-29425,34F
CW-50080,PepsiCo,PepsiCo Southeast Hub,Jacksonville,FL,32202,PepsiCo Distribution Center,Miami,FL,33101,2026-03-20,2026-03-20,Reefer,36000,55,880,710,79,91,10.3,16.00,delivered,Beverages,Seminole Express,MC-889016,Thomas Lopez,Milos Mandic,Brendaly Rivera,PO-38385,34F
CW-50081,Kroger,Kroger Distribution Center,Cincinnati,OH,45201,Kroger Fresh Foods DC,Columbus,OH,43201,2026-03-20,2026-03-20,Reefer,32000,108,864,640,78,146,16.9,8.00,delivered,Grocery Products,Buckeye Freight Systems,MC-256783,Carlos Martin,Luka Cipovic,Ilija Tojagic,PO-55921,34F
CW-50082,PepsiCo,PepsiCo Beverages DC,Tampa,FL,33602,PepsiCo Store DC,Newark,NJ,07102,2026-03-20,2026-03-22,Reefer,44000,1090,6976,6070,628,278,4.0,6.40,in_transit,Beverages,Empire State Trucking,MC-778906,William Garcia,Natasa Parenta,Brendaly Rivera,PO-38388,34F
CW-50083,Target,Target Regional DC,Charlotte,NC,28201,Target Distribution Center,Orlando,FL,32801,2026-03-20,2026-03-21,Dry Van,25000,530,2968,2196,267,505,17.0,5.60,delivered,Seasonal Products,Swift Transport LLC,MC-284927,Michael Thomas,Milos Mandic,Robert Workman,PO-83326,
CW-50084,PepsiCo,Gatorade Production Facility,Tampa,FL,33602,PepsiCo Regional Hub,Atlanta,GA,30301,2026-03-20,2026-03-20,Reefer,38000,460,2944,2179,265,500,17.0,6.40,delivered,Sports Drinks,Sunbelt Carriers LLC,MC-618342,Jose Moore,Luka Cipovic,Brendaly Rivera,BOL-44615,34F
CW-50085,Performance Food Group,PFG Southeast DC,Charlotte,NC,28201,PFG Foodservice Warehouse,Savannah,GA,31401,2026-03-20,2026-03-20,Reefer,31000,270,1728,1279,156,293,17.0,6.40,delivered,Fresh Produce,Copperhead Carriers,MC-223451,Daniel Davis,Natasa Parenta,Ilija Tojagic,BOL-67879,34F
CW-50086,PepsiCo,PepsiCo Beverages DC,Jacksonville,FL,32202,PepsiCo Warehouse A,Augusta,GA,30901,2026-03-20,2026-03-20,Reefer,37000,280,1792,1326,161,305,17.0,6.40,delivered,Beverages,Eagle Freight Inc,MC-391054,Robert Martinez,Milos Mandic,Brendaly Rivera,PO-38394,34F
CW-50087,PepsiCo,PepsiCo Tampa Warehouse,Tampa,FL,33602,PepsiCo Distribution Center,Harrisburg,PA,17101,2026-03-20,2026-03-22,Reefer,41000,970,6208,4780,559,869,14.0,6.40,in_transit,Beverages,Keystone Carriers Inc,MC-367894,Mark Garcia,Luka Cipovic,Brendaly Rivera,PO-38397,34F
CW-50088,Spartan Nash,Spartan Nash Distribution,Lansing,MI,48901,Spartan Nash DC Grand Rapids,Grand Rapids,MI,49501,2026-03-20,2026-03-20,Reefer,33000,62,868,700,78,90,10.4,14.00,delivered,Grocery Products,Wolverine Freight Inc,MC-112349,Steven Wilson,Natasa Parenta,Ilija Tojagic,PO-51971,34F
CW-50089,Coca-Cola,Coca-Cola Southeast Plant,Atlanta,GA,30301,Coca-Cola Bottling Consolidated,Tampa,FL,33602,2026-03-20,2026-03-20,Reefer,43000,470,3008,2225,271,512,17.0,6.40,delivered,Bottled Water,Gulf Coast Carriers,MC-334561,James Taylor,Milos Mandic,Brendaly Rivera,BOL-29435,34F
CW-50090,Coca-Cola,Coca-Cola Distribution Center,Atlanta,GA,30301,Coca-Cola Southeast Plant,Charlotte,NC,28201,2026-03-20,2026-03-20,Reefer,43000,250,1600,1184,144,272,17.0,6.40,delivered,Beverages,Patriot Trucking Corp,MC-502187,Carlos Brown,Luka Cipovic,Brendaly Rivera,PO-29432,34F
CW-50091,FedEx Ground,FedEx Ground Hub,Newark,NJ,07102,FedEx Ground Sort Facility,Philadelphia,PA,19101,2026-03-20,2026-03-20,Dry Van,22000,90,810,632,65,113,13.9,9.00,delivered,Ground Parcels,Evergreen Transport LLC,MC-478905,William Anderson,Natasa Parenta,Robert Workman,BOL-78283,
CW-50092,PepsiCo,PepsiCo Southeast Hub,Orlando,FL,32801,PepsiCo Distribution Center,Raleigh,NC,27601,2026-03-20,2026-03-21,Reefer,39000,590,3776,2794,340,642,17.0,6.40,delivered,Beverages,Carolina Freight Corp,MC-667895,Pedro Lopez,Milos Mandic,Brendaly Rivera,PO-38403,34F
CW-50093,Boise Paper,Boise Cascade Packaging,Idaho Falls,ID,83401,Boise Paper Distribution,Sacramento,CA,95814,2026-03-20,2026-03-22,Flatbed,44000,620,3100,2976,248,-124,-4.0,5.00,in_transit,Cardboard Rolls,Pacific Coast Logistics,MC-834528,Thomas Williams,Luka Cipovic,Robert Workman,PO-72170,
CW-50094,PepsiCo,PepsiCo Beverages DC,Tampa,FL,33602,PepsiCo Warehouse A,Savannah,GA,31401,2026-03-20,2026-03-20,Reefer,37000,310,1984,1468,179,337,17.0,6.40,delivered,Beverages,Sunbelt Carriers LLC,MC-618342,David Hernandez,Natasa Parenta,Brendaly Rivera,BOL-44630,34F
CW-50095,Target,Target Distribution Center,Edison,NJ,08817,Target Import Warehouse,Charlotte,NC,28201,2026-03-20,2026-03-21,Dry Van,27000,570,3192,2362,287,543,17.0,5.60,in_transit,General Merchandise,Tri-State Hauling Inc,MC-345672,Michael Martin,Milos Mandic,Robert Workman,PO-83333,
CW-50096,PepsiCo,Gatorade Production Facility,Lakeland,FL,33801,PepsiCo Cross-Dock Facility,Newark,NJ,07102,2026-03-20,2026-03-22,Reefer,40000,1050,6720,5174,605,941,14.0,6.40,in_transit,Sports Drinks,Empire State Trucking,MC-778906,Jose Anderson,Luka Cipovic,Brendaly Rivera,PO-38409,34F
CW-50097,Performance Food Group,PFG Customized Distribution,Raleigh,NC,27601,PFG Southeast DC,Atlanta,GA,30301,2026-03-20,2026-03-21,Reefer,30000,410,2624,1942,236,446,17.0,6.40,delivered,Restaurant Supplies,Eagle Freight Inc,MC-391054,Robert Wilson,Natasa Parenta,Ilija Tojagic,BOL-67886,34F
CW-50098,FedEx Ground,FedEx Ground Distribution,Philadelphia,PA,19101,FedEx Ground Hub,Charlotte,NC,28201,2026-03-20,2026-03-21,Dry Van,24000,570,3192,2780,287,125,3.9,5.60,delivered,E-Commerce Packages,Tri-State Hauling Inc,MC-345672,Daniel Thomas,Milos Mandic,Robert Workman,BOL-78290,
CW-50099,PepsiCo,Frito-Lay Distribution,Jacksonville,FL,32202,PepsiCo Store DC,Charlotte,NC,28201,2026-03-20,2026-03-21,Reefer,35000,540,3456,2488,311,657,19.0,6.40,delivered,Snack Foods,Patriot Trucking Corp,MC-502187,Mark Davis,Luka Cipovic,Brendaly Rivera,BOL-44638,34F
CW-50100,Spartan Nash,Spartan Nash Regional Warehouse,Grand Rapids,MI,49501,Spartan Nash Distribution,Detroit,MI,48201,2026-03-20,2026-03-20,Reefer,34000,75,900,702,72,126,14.0,12.00,delivered,Frozen Foods,Great Lakes Express,MC-801238,Steven Garcia,Natasa Parenta,Ilija Tojagic,PO-51978,-10F
CW-50101,PepsiCo,PepsiCo Tampa Warehouse,Tampa,FL,33602,PepsiCo Warehouse A,Norfolk,VA,23501,2026-03-21,2026-03-22,Reefer,42000,760,4864,3745,438,681,14.0,6.40,in_transit,Beverages,Blue Ridge Transport,MC-123450,James Brown,Milos Mandic,Brendaly Rivera,PO-38418,34F
CW-50102,Coca-Cola,Coca-Cola Southeast Plant,Savannah,GA,31401,Coca-Cola Bottling Consolidated,Atlanta,GA,30301,2026-03-21,2026-03-21,Reefer,41000,250,1600,1184,144,272,17.0,6.40,delivered,Bottled Water,Copperhead Carriers,MC-223451,Carlos Anderson,Luka Cipovic,Brendaly Rivera,BOL-29439,34F
CW-50103,PepsiCo,PepsiCo Southeast Hub,Tampa,FL,33602,PepsiCo Regional Hub,Raleigh,NC,27601,2026-03-21,2026-03-22,Reefer,38000,640,4096,3031,369,696,17.0,6.40,in_transit,Beverages,Carolina Freight Corp,MC-667895,William Martinez,Natasa Parenta,Brendaly Rivera,PO-38421,34F
CW-50104,Kroger,Kroger Peyton Distribution,Cleveland,OH,44101,Kroger Distribution Center,Chicago,IL,60601,2026-03-21,2026-03-22,Reefer,33000,350,2240,1659,202,379,17.0,6.40,in_transit,Grocery Products,Heartland Trucking Co,MC-456783,Michael Williams,Milos Mandic,Ilija Tojagic,PO-55928,34F
CW-50105,PepsiCo,PepsiCo Beverages DC,Orlando,FL,32801,PepsiCo Distribution Center,Atlanta,GA,30301,2026-03-21,2026-03-21,Reefer,37000,440,2816,2084,253,479,17.0,6.40,delivered,Beverages,Swift Transport LLC,MC-284927,Pedro Taylor,Luka Cipovic,Brendaly Rivera,BOL-44645,34F
CW-50106,Target,Target Regional DC,Atlanta,GA,30301,Target Distribution Center,Jacksonville,FL,32202,2026-03-21,2026-03-22,Dry Van,25000,350,1960,1450,176,334,17.0,5.60,in_transit,Seasonal Products,Eagle Freight Inc,MC-391054,Thomas Anderson,Natasa Parenta,Robert Workman,PO-83340,
CW-50107,PepsiCo,Gatorade Production Facility,Tampa,FL,33602,PepsiCo Cold Storage Facility,Cleveland,OH,44101,2026-03-21,2026-03-23,Reefer,40000,1060,6784,5222,611,951,14.0,6.40,in_transit,Sports Drinks,Buckeye Freight Systems,MC-256783,Robert Lopez,Milos Mandic,Brendaly Rivera,PO-38427,34F
CW-50108,FedEx Ground,FedEx Ground Sort Facility,Philadelphia,PA,19101,FedEx Ground Distribution,Harrisburg,PA,17101,2026-03-21,2026-03-21,Dry Van,23000,105,840,622,76,142,16.9,8.00,delivered,Parcel Freight,Allegheny Freight Co,MC-445673,David Martin,Luka Cipovic,Robert Workman,BOL-78294,
CW-50109,PepsiCo,PepsiCo Beverages DC,Tampa,FL,33602,PepsiCo Distribution Center,Greenville,SC,29601,2026-03-21,2026-03-22,Reefer,39000,490,3136,2321,282,533,17.0,6.40,in_transit,Beverages,Patriot Trucking Corp,MC-502187,Jose Hernandez,Natasa Parenta,Brendaly Rivera,PO-38430,34F
CW-50110,Performance Food Group,PFG Foodservice Warehouse,Norfolk,VA,23501,PFG Southeast DC,Charlotte,NC,28201,2026-03-21,2026-03-22,Reefer,31000,320,2048,1516,184,348,17.0,6.40,in_transit,Frozen Entrees,Cardinal Logistics LLC,MC-678905,Mark Wilson,Milos Mandic,Ilija Tojagic,BOL-67893,-10F
CW-50111,Kroger,Kroger Fresh Foods DC,Cincinnati,OH,45201,Kroger Distribution Center,Columbus,OH,43201,2026-03-21,2026-03-21,Reefer,33000,108,864,640,78,146,16.9,8.00,in_transit,Bakery Items,Buckeye Freight Systems,MC-256783,Steven Davis,Luka Cipovic,Ilija Tojagic,PO-55930,34F
CW-50112,PepsiCo,PepsiCo Tampa Warehouse,Jacksonville,FL,32202,PepsiCo Store DC,Augusta,GA,30901,2026-03-21,2026-03-21,Reefer,37000,280,1792,1326,161,305,17.0,6.40,delivered,Beverages,Sunbelt Carriers LLC,MC-618342,Daniel Anderson,Natasa Parenta,Brendaly Rivera,PO-38436,34F
CW-50113,Coca-Cola,Coca-Cola Distribution Center,Atlanta,GA,30301,Coca-Cola Southeast Plant,Miami,FL,33101,2026-03-21,2026-03-22,Reefer,43000,660,4224,3126,380,718,17.0,6.40,in_transit,Beverages,Swift Transport LLC,MC-284927,Carlos Garcia,Milos Mandic,Brendaly Rivera,PO-29446,34F
CW-50114,PepsiCo,PepsiCo Southeast Hub,Lakeland,FL,33801,PepsiCo Distribution Center,Roanoke,VA,24011,2026-03-21,2026-03-23,Reefer,38000,750,4800,3696,432,672,14.0,6.40,dispatched,Beverages,Blue Ridge Transport,MC-123450,William Brown,Luka Cipovic,Brendaly Rivera,BOL-44658,34F
CW-50115,Spartan Nash,Spartan Nash DC Grand Rapids,Grand Rapids,MI,49501,Spartan Nash Distribution,Cleveland,OH,44101,2026-03-21,2026-03-22,Reefer,34000,300,1920,1421,173,326,17.0,6.40,dispatched,Dairy Products,Redline Freight Corp,MC-667894,Michael Hernandez,Natasa Parenta,Ilija Tojagic,PO-51985,34F
CW-50116,PepsiCo,PepsiCo Beverages DC,Tampa,FL,33602,PepsiCo Warehouse A,Philadelphia,PA,19101,2026-03-21,2026-03-23,Reefer,41000,1020,6528,5026,587,915,14.0,6.40,dispatched,Beverages,Keystone Carriers Inc,MC-367894,Thomas Martinez,Milos Mandic,Brendaly Rivera,PO-38442,34F
CW-50117,Boise Paper,Boise Paper Mill,Boise,ID,83701,Boise Paper Distribution,Los Angeles,CA,90001,2026-03-21,2026-03-23,Flatbed,45000,840,4200,3864,336,0,0.0,5.00,dispatched,Paper Products,Pacific Coast Logistics,MC-834528,Robert Taylor,Luka Cipovic,Robert Workman,PO-72175,
CW-50118,PepsiCo,Gatorade Production Facility,Orlando,FL,32801,PepsiCo Cross-Dock Facility,Atlanta,GA,30301,2026-03-21,2026-03-22,Reefer,38000,440,2816,2084,253,479,17.0,6.40,dispatched,Sports Drinks,Copperhead Carriers,MC-223451,Jose Garcia,Natasa Parenta,Brendaly Rivera,PO-38445,34F
CW-50119,Target,Target Import Warehouse,Camden,NJ,08101,Target Regional DC,Atlanta,GA,30301,2026-03-21,2026-03-22,Dry Van,26000,760,4256,3149,383,724,17.0,5.60,dispatched,General Merchandise,Swift Transport LLC,MC-284927,James Anderson,Milos Mandic,Robert Workman,PO-83347,
CW-50120,Spartan Nash,Spartan Nash DC Grand Rapids,Grand Rapids,MI,49501,Spartan Nash Regional Warehouse,Chicago,IL,60601,2026-03-21,2026-03-22,Reefer,35000,180,1152,853,104,195,16.9,6.40,delivered,Grocery Products,Heartland Trucking Co,MC-456783,Victor Williams,Luka Cipovic,Ilija Tojagic,PO-52000,34F
CW-50121,FedEx Ground,FedEx Ground Hub,Edison,NJ,08817,FedEx Ground Distribution,Pittsburgh,PA,15201,2026-03-21,2026-03-22,Dry Van,21000,370,2072,1533,186,353,17.0,5.60,dispatched,E-Commerce Packages,Allegheny Freight Co,MC-445673,Daniel Lopez,Natasa Parenta,Robert Workman,BOL-78305,
CW-50122,PepsiCo,PepsiCo Tampa Warehouse,Tampa,FL,33602,PepsiCo Distribution Center,Detroit,MI,48201,2026-03-21,2026-03-23,Reefer,40000,1180,7552,6549,680,323,4.3,6.40,dispatched,Beverages,Great Lakes Express,MC-801238,Mark Martin,Milos Mandic,Brendaly Rivera,PO-38451,34F
CW-50123,Performance Food Group,PFG Customized Distribution,Richmond,VA,23219,PFG Foodservice Warehouse,Raleigh,NC,27601,2026-03-21,2026-03-22,Reefer,30000,170,1088,806,98,184,16.9,6.40,dispatched,Restaurant Supplies,Cardinal Logistics LLC,MC-678905,Steven Hernandez,Luka Cipovic,Ilija Tojagic,BOL-67900,34F
CW-50124,PepsiCo,Frito-Lay Distribution,Jacksonville,FL,32202,PepsiCo Store DC,Orlando,FL,32801,2026-03-22,2026-03-22,Reefer,34000,72,936,755,84,97,10.4,13.00,dispatched,Snack Foods,Seminole Express,MC-889016,Carlos Davis,Natasa Parenta,Brendaly Rivera,PO-38454,34F
CW-50125,PepsiCo,PepsiCo Southeast Hub,Tampa,FL,33602,PepsiCo Warehouse A,Charlotte,NC,28201,2026-03-22,2026-03-23,Reefer,39000,570,3648,2702,328,618,16.9,6.40,dispatched,Beverages,Patriot Trucking Corp,MC-502187,William Taylor,Milos Mandic,Brendaly Rivera,PO-38457,34F
CW-50126,Coca-Cola,Coca-Cola Bottling Consolidated,Savannah,GA,31401,Coca-Cola Distribution Center,Raleigh,NC,27601,2026-03-22,2026-03-23,Reefer,42000,380,2432,1800,219,413,17.0,6.40,dispatched,Beverages,Carolina Freight Corp,MC-667895,Michael Anderson,Luka Cipovic,Brendaly Rivera,BOL-29453,34F
CW-50127,PepsiCo,PepsiCo Beverages DC,Orlando,FL,32801,PepsiCo Distribution Center,Newark,NJ,07102,2026-03-22,2026-03-24,Reefer,41000,1020,6528,5026,587,915,14.0,6.40,dispatched,Beverages,Empire State Trucking,MC-778906,Pedro Williams,Luka Cipovic,Brendaly Rivera,PO-38460,34F
CW-50128,Kroger,Kroger Distribution Center,Columbus,OH,43201,Kroger Fresh Foods DC,Detroit,MI,48201,2026-03-22,2026-03-23,Reefer,33000,260,1664,1231,150,283,17.0,6.40,dispatched,Frozen Foods,Wolverine Freight Inc,MC-112349,Thomas Brown,Natasa Parenta,Ilija Tojagic,PO-55935,-10F
CW-50129,PepsiCo,PepsiCo Tampa Warehouse,Tampa,FL,33602,PepsiCo Cold Storage Facility,Atlanta,GA,30301,2026-03-22,2026-03-22,Reefer,37000,460,2944,2179,265,500,17.0,6.40,dispatched,Beverages,Gulf Coast Carriers,MC-334561,Robert Garcia,Milos Mandic,Brendaly Rivera,BOL-44675,34F
CW-50130,Spartan Nash,Spartan Nash Distribution,Detroit,MI,48201,Spartan Nash DC Grand Rapids,Grand Rapids,MI,49501,2026-03-22,2026-03-22,Reefer,34000,72,864,676,69,119,13.8,12.00,covered,Grocery Products,Great Lakes Express,MC-801238,David Martinez,Luka Cipovic,Ilija Tojagic,PO-51992,34F
CW-50131,PepsiCo,Gatorade Production Facility,Lakeland,FL,33801,PepsiCo Regional Hub,Roanoke,VA,24011,2026-03-22,2026-03-24,Reefer,40000,780,4992,3844,449,699,14.0,6.40,covered,Sports Drinks,Blue Ridge Transport,MC-123450,James Lopez,Natasa Parenta,Brendaly Rivera,PO-38466,34F
CW-50132,Target,Target Distribution Center,Atlanta,GA,30301,Target Regional DC,Tampa,FL,33602,2026-03-22,2026-03-23,Dry Van,26000,470,2632,1948,237,447,17.0,5.60,covered,Household Goods,Eagle Freight Inc,MC-391054,Jose Thomas,Milos Mandic,Robert Workman,PO-83354,
CW-50133,PepsiCo,PepsiCo Beverages DC,Tampa,FL,33602,PepsiCo Warehouse A,Greenville,SC,29601,2026-03-22,2026-03-23,Reefer,38000,490,3136,2321,282,533,17.0,6.40,covered,Beverages,Patriot Trucking Corp,MC-502187,Victor Davis,Luka Cipovic,Brendaly Rivera,PO-38469,34F
CW-50134,Boise Paper,Boise Cascade Packaging,Boise,ID,83701,Boise Paper Distribution,Fresno,CA,93701,2026-03-22,2026-03-24,Flatbed,46000,490,2450,2303,196,-49,-2.0,5.00,covered,Packaging Materials,Pacific Coast Logistics,MC-834528,Daniel Martin,Natasa Parenta,Robert Workman,BOL-72180,
CW-50135,PepsiCo,PepsiCo Southeast Hub,Jacksonville,FL,32202,PepsiCo Distribution Center,Augusta,GA,30901,2026-03-22,2026-03-22,Reefer,36000,280,1792,1326,161,305,17.0,6.40,covered,Beverages,Sunbelt Carriers LLC,MC-618342,Mark Anderson,Milos Mandic,Brendaly Rivera,BOL-44682,34F
CW-50136,FedEx Ground,FedEx Ground Distribution,Harrisburg,PA,17101,FedEx Ground Hub,Camden,NJ,08101,2026-03-22,2026-03-22,Dry Van,22000,150,840,622,76,142,16.9,5.60,covered,Ground Parcels,Evergreen Transport LLC,MC-478905,Steven Taylor,Luka Cipovic,Robert Workman,PO-78316,
CW-50137,PepsiCo,Frito-Lay Distribution,Atlanta,GA,30301,PepsiCo Store DC,Richmond,VA,23219,2026-03-22,2026-03-23,Reefer,35000,540,3456,2488,311,657,19.0,6.40,covered,Snack Foods,Cardinal Logistics LLC,MC-678905,Carlos Wilson,Natasa Parenta,Brendaly Rivera,BOL-44688,34F
CW-50138,Performance Food Group,PFG Southeast DC,Greensboro,NC,27401,PFG Customized Distribution,Norfolk,VA,23501,2026-03-22,2026-03-22,Reefer,29000,200,1280,947,115,218,17.0,6.40,covered,Fresh Produce,Blue Ridge Transport,MC-123450,William Garcia,Milos Mandic,Ilija Tojagic,BOL-67907,34F
CW-50139,PepsiCo,PepsiCo Beverages DC,Tampa,FL,33602,PepsiCo Distribution Center,Columbus,OH,43201,2026-03-22,2026-03-24,Reefer,40000,940,6016,5354,541,121,2.0,6.40,covered,Beverages,Buckeye Freight Systems,MC-256783,Michael Lopez,Luka Cipovic,Brendaly Rivera,PO-38478,34F
CW-50140,Coca-Cola,Coca-Cola Distribution Center,Atlanta,GA,30301,Coca-Cola Bottling Consolidated,Jacksonville,FL,32202,2026-03-22,2026-03-22,Reefer,43000,350,2240,1659,202,379,17.0,6.40,covered,Syrup Concentrate,Gulf Coast Carriers,MC-334561,Pedro Brown,Natasa Parenta,Brendaly Rivera,PO-29460,34F
CW-50141,PepsiCo,PepsiCo Tampa Warehouse,Tampa,FL,33602,PepsiCo Warehouse A,Philadelphia,PA,19101,2026-03-22,2026-03-24,Reefer,39000,1020,6528,5026,587,915,14.0,6.40,covered,Beverages,Keystone Carriers Inc,MC-367894,Thomas Hernandez,Milos Mandic,Brendaly Rivera,PO-38481,34F
CW-50142,Kroger,Kroger Fresh Foods DC,Cincinnati,OH,45201,Kroger Peyton Distribution,Lansing,MI,48901,2026-03-22,2026-03-23,Reefer,32000,280,1792,1326,161,305,17.0,6.40,covered,Bakery Items,Wolverine Freight Inc,MC-112349,Robert Davis,Luka Cipovic,Ilija Tojagic,BOL-55942,34F
CW-50143,PepsiCo,PepsiCo Southeast Hub,Orlando,FL,32801,PepsiCo Regional Hub,Savannah,GA,31401,2026-03-22,2026-03-22,Reefer,37000,290,1856,1374,167,315,17.0,6.40,covered,Beverages,Copperhead Carriers,MC-223451,James Martinez,Natasa Parenta,Brendaly Rivera,PO-38484,34F
CW-50144,PepsiCo,PepsiCo Beverages DC,Tampa,FL,33602,PepsiCo Distribution Center,Charlotte,NC,28201,2026-03-22,2026-03-23,Reefer,38000,570,3648,3172,328,148,4.1,6.40,open,Beverages,,,,,Brendaly Rivera,PO-38487,34F
CW-50145,Target,Target Regional DC,Camden,NJ,08101,Target Distribution Center,Richmond,VA,23219,2026-03-22,2026-03-23,Dry Van,25000,310,1736,1285,156,295,17.0,5.60,open,General Merchandise,,,,,Robert Workman,PO-83361,
CW-50146,PepsiCo,Gatorade Production Facility,Tampa,FL,33602,PepsiCo Store DC,Atlanta,GA,30301,2026-03-22,2026-03-23,Reefer,39000,460,2944,2179,265,500,17.0,6.40,open,Sports Drinks,,,,,Brendaly Rivera,BOL-44695,34F
CW-50147,Spartan Nash,Spartan Nash DC Grand Rapids,Grand Rapids,MI,49501,Spartan Nash Distribution,Columbus,OH,43201,2026-03-22,2026-03-23,Reefer,34000,310,1984,1468,179,337,17.0,6.40,open,Grocery Products,,,,,Ilija Tojagic,PO-51999,34F
CW-50148,PepsiCo,PepsiCo Beverages DC,Jacksonville,FL,32202,PepsiCo Warehouse A,Norfolk,VA,23501,2026-03-22,2026-03-24,Reefer,42000,680,4352,3353,392,607,13.9,6.40,open,Beverages,,,,,Brendaly Rivera,PO-38493,34F
CW-50149,Performance Food Group,PFG Foodservice Warehouse,Charlotte,NC,28201,PFG Southeast DC,Atlanta,GA,30301,2026-03-22,2026-03-23,Reefer,30000,240,1536,1137,138,261,17.0,6.40,open,Restaurant Supplies,,,,,Ilija Tojagic,BOL-67914,34F
CW-50150,PepsiCo,Frito-Lay Distribution,Tampa,FL,33602,PepsiCo Cross-Dock Facility,Miami,FL,33101,2026-03-23,2026-03-23,Reefer,34000,80,960,775,86,99,10.3,12.00,open,Snack Foods,,,,,Brendaly Rivera,PO-38496,34F
CW-50151,PepsiCo,PepsiCo Tampa Warehouse,Orlando,FL,32801,PepsiCo Distribution Center,Raleigh,NC,27601,2026-03-23,2026-03-24,Reefer,40000,590,3776,2794,340,642,17.0,6.40,open,Beverages,,,,,Brendaly Rivera,PO-38499,34F
CW-50152,Coca-Cola,Coca-Cola Bottling Consolidated,Atlanta,GA,30301,Coca-Cola Distribution Center,Tampa,FL,33602,2026-03-23,2026-03-24,Reefer,43000,470,3008,2225,271,512,17.0,6.40,open,Beverages,,,,,Brendaly Rivera,BOL-29467,34F
CW-50153,FedEx Ground,FedEx Ground Hub,Newark,NJ,07102,FedEx Ground Sort Facility,Philadelphia,PA,19101,2026-03-23,2026-03-23,Dry Van,22000,90,810,632,65,113,13.9,9.00,open,Parcel Freight,,,,,Robert Workman,BOL-78327,
CW-50154,PepsiCo,PepsiCo Beverages DC,Tampa,FL,33602,PepsiCo Regional Hub,Atlanta,GA,30301,2026-03-18,2026-03-19,Reefer,36000,460,2944,3120,265,-441,-15.0,6.40,delivered,Beverages,Heartland Trucking Co,MC-456783,Victor Lopez,Natasa Parenta,Brendaly Rivera,PO-38502,34F
CW-50155,Spartan Nash,Spartan Nash Distribution,Lansing,MI,48901,Spartan Nash Regional Warehouse,Chicago,IL,60601,2026-03-18,2026-03-19,Reefer,35000,220,1408,1492,127,-211,-15.0,6.40,delivered,Frozen Foods,Northstar Logistics,MC-556783,Daniel Williams,Milos Mandic,Ilija Tojagic,PO-52005,-10F
CW-50156,PepsiCo,PepsiCo Southeast Hub,Tampa,FL,33602,PepsiCo Store DC,Newark,NJ,07102,2026-03-19,2026-03-21,Reefer,41000,1090,6976,7394,628,-1046,-15.0,6.40,delivered,Beverages,Empire State Trucking,MC-778906,Steven Martin,Luka Cipovic,Brendaly Rivera,PO-38505,34F
CW-50157,Performance Food Group,PFG Customized Distribution,Raleigh,NC,27601,PFG Foodservice Warehouse,Richmond,VA,23219,2026-03-19,2026-03-19,Reefer,30000,170,1088,1153,98,-163,-15.0,6.40,delivered,Fresh Produce,Cardinal Logistics LLC,MC-678905,Carlos Hernandez,Natasa Parenta,Ilija Tojagic,BOL-67921,34F
CW-50158,PepsiCo,Gatorade Production Facility,Jacksonville,FL,32202,PepsiCo Warehouse A,Charlotte,NC,28201,2026-03-20,2026-03-21,Reefer,38000,540,3456,3663,311,-518,-15.0,6.40,delivered,Sports Drinks,Patriot Trucking Corp,MC-502187,William Davis,Milos Mandic,Brendaly Rivera,PO-38508,34F
CW-50159,Coca-Cola,Coca-Cola Distribution Center,Atlanta,GA,30301,Coca-Cola Southeast Plant,Norfolk,VA,23501,2026-03-20,2026-03-21,Reefer,42000,540,3456,3663,311,-518,-15.0,6.40,delivered,Beverages,Carolina Freight Corp,MC-667895,Jose Brown,Luka Cipovic,Brendaly Rivera,PO-29474,34F
CW-50160,PepsiCo,PepsiCo Beverages DC,Tampa,FL,33602,PepsiCo Distribution Center,Harrisburg,PA,17101,2026-03-17,2026-03-19,Reefer,40000,970,6208,6580,559,-931,-15.0,6.40,delivered,Beverages,Keystone Carriers Inc,MC-367894,Michael Taylor,Natasa Parenta,Brendaly Rivera,PO-38511,34F
CW-50161,PepsiCo,Frito-Lay Distribution,Orlando,FL,32801,PepsiCo Cold Storage Facility,Atlanta,GA,30301,2026-03-17,2026-03-18,Reefer,35000,440,2816,2984,253,-421,-14.9,6.40,delivered,Snack Foods,Gulf Coast Carriers,MC-334561,Robert Anderson,Milos Mandic,Brendaly Rivera,BOL-44705,34F
CW-50162,Boise Paper,Boise Paper Mill,Boise,ID,83701,Boise Paper Distribution,Chicago,IL,60601,2026-03-18,2026-03-21,Flatbed,47000,1690,8450,8112,676,-338,-4.0,5.00,delivered,Cardboard Rolls,Mountain West Transport,MC-729415,Thomas Garcia,Luka Cipovic,Robert Workman,PO-72185,
CW-50163,Kroger,Kroger Distribution Center,Cincinnati,OH,45201,Kroger Fresh Foods DC,Grand Rapids,MI,49501,2026-03-18,2026-03-20,Reefer,39000,430,2752,2036,248,468,17.0,6.40,delivered,Grocery Products,Great Lakes Express,MC-801238,James Davis,Natasa Parenta,Ilija Tojagic,PO-55960,34F
CW-50164,Target,Target Distribution Center,Edison,NJ,08817,Target Import Warehouse,Charlotte,NC,28201,2026-03-18,2026-03-19,Dry Van,26000,570,3192,2362,287,543,17.0,5.60,delivered,Household Goods,Tri-State Hauling Inc,MC-345672,Pedro Wilson,Milos Mandic,Robert Workman,PO-83368,
CW-50165,Coca-Cola,Coca-Cola Distribution Center,Atlanta,GA,30301,Coca-Cola Bottling Consolidated,Raleigh,NC,27601,2026-03-19,2026-03-20,Reefer,38000,430,2752,2036,248,468,17.0,6.40,delivered,Beverages,Carolina Freight Corp,MC-667895,Mark Lopez,Luka Cipovic,Brendaly Rivera,BOL-29485,34F
CW-50166,Coca-Cola,Coca-Cola Southeast Plant,Savannah,GA,31401,Coca-Cola Bottling Consolidated,Tampa,FL,33602,2026-03-19,2026-03-20,Reefer,43000,400,2560,1894,230,436,17.0,6.40,delivered,Bottled Water,Sunbelt Carriers LLC,MC-618342,David Martinez,Natasa Parenta,Brendaly Rivera,BOL-29481,34F
CW-50167,Spartan Nash,Spartan Nash DC Grand Rapids,Grand Rapids,MI,49501,Spartan Nash Regional Warehouse,Columbus,OH,43201,2026-03-19,2026-03-20,Reefer,37000,310,1984,1468,179,337,17.0,6.40,delivered,Grocery Products,Buckeye Freight Systems,MC-256783,Victor Hernandez,Milos Mandic,Ilija Tojagic,PO-52007,34F
CW-50168,Kroger,Kroger Peyton Distribution,Cleveland,OH,44101,Kroger Distribution Center,Cincinnati,OH,45201,2026-03-19,2026-03-19,Reefer,32000,250,1600,1184,144,272,17.0,6.40,delivered,Grocery Products,Redline Freight Corp,MC-667894,Carlos Martin,Luka Cipovic,Ilija Tojagic,PO-55949,34F
CW-50169,Target,Target Regional DC,Charlotte,NC,28201,Target Distribution Center,Tampa,FL,33602,2026-03-20,2026-03-21,Dry Van,27000,570,3192,2362,287,543,17.0,5.60,delivered,Household Goods,Patriot Trucking Corp,MC-502187,William Thomas,Natasa Parenta,Robert Workman,PO-83370,
CW-50170,FedEx Ground,FedEx Ground Distribution,Philadelphia,PA,19101,FedEx Ground Hub,Newark,NJ,07102,2026-03-20,2026-03-20,Dry Van,22000,95,855,667,68,120,14.0,9.00,delivered,E-Commerce Packages,Evergreen Transport LLC,MC-478905,Jose Anderson,Milos Mandic,Robert Workman,BOL-78338,
CW-50171,FedEx Ground,FedEx Ground Hub,Jacksonville,FL,32202,FedEx Ground Sort Facility,Savannah,GA,31401,2026-03-20,2026-03-20,Dry Van,24000,140,1120,862,101,157,14.0,8.00,delivered,Parcel Freight,Copperhead Carriers,MC-223451,Daniel Brown,Luka Cipovic,Robert Workman,BOL-78340,
CW-50172,Performance Food Group,PFG Foodservice Warehouse,Norfolk,VA,23501,PFG Customized Distribution,Greensboro,NC,27401,2026-03-20,2026-03-20,Reefer,31000,200,1280,947,115,218,17.0,6.40,delivered,Restaurant Supplies,Cardinal Logistics LLC,MC-678905,Steven Garcia,Natasa Parenta,Ilija Tojagic,BOL-67928,34F
CW-50173,Coca-Cola,Coca-Cola Bottling Consolidated,Atlanta,GA,30301,Coca-Cola Distribution Center,Tampa,FL,33602,2026-03-20,2026-03-21,Reefer,35000,460,2944,2179,265,500,17.0,6.40,delivered,Beverages,Swift Transport LLC,MC-284927,Robert Davis,Milos Mandic,Brendaly Rivera,BOL-29483,34F
CW-50174,Spartan Nash,Spartan Nash Distribution,Detroit,MI,48201,Spartan Nash DC Grand Rapids,Grand Rapids,MI,49501,2026-03-21,2026-03-21,Reefer,34000,75,900,666,72,162,18.0,12.00,in_transit,Dairy Products,Great Lakes Express,MC-801238,Thomas Williams,Luka Cipovic,Ilija Tojagic,PO-52015,34F
CW-50175,Spartan Nash,Spartan Nash DC Grand Rapids,Grand Rapids,MI,49501,Spartan Nash Distribution,Pittsburgh,PA,15201,2026-03-21,2026-03-22,Reefer,34000,480,3072,2273,277,522,17.0,6.40,in_transit,Dairy Products,Keystone Carriers Inc,MC-367894,Mark Taylor,Natasa Parenta,Ilija Tojagic,PO-52012,34F
CW-50176,Kroger,Kroger Peyton Distribution,Columbus,OH,43201,Kroger Distribution Center,Pittsburgh,PA,15201,2026-03-21,2026-03-22,Reefer,33000,190,1216,900,110,206,16.9,6.40,in_transit,Grocery Products,Keystone Carriers Inc,MC-367894,James Hernandez,Milos Mandic,Ilija Tojagic,PO-55963,34F
CW-50177,Boise Paper,Boise Paper Mill,Boise,ID,83701,Boise Paper Distribution,San Antonio,TX,78201,2026-03-21,2026-03-24,Flatbed,45000,1420,7100,6816,568,-284,-4.0,5.00,in_transit,Paper Products,Lone Star Freight,MC-912349,Carlos Anderson,Luka Cipovic,Robert Workman,PO-72190,
CW-50178,Target,Target Regional DC,Atlanta,GA,30301,Target Distribution Center,Edison,NJ,08817,2026-03-21,2026-03-22,Dry Van,25000,780,4368,3232,393,743,17.0,5.60,in_transit,Seasonal Products,Empire State Trucking,MC-778906,William Brown,Natasa Parenta,Robert Workman,PO-83375,
CW-50179,Performance Food Group,PFG Customized Distribution,Richmond,VA,23219,PFG Southeast DC,Roanoke,VA,24011,2026-03-21,2026-03-22,Reefer,31000,190,1216,900,110,206,16.9,6.40,in_transit,Restaurant Supplies,Blue Ridge Transport,MC-123450,Michael Garcia,Milos Mandic,Ilija Tojagic,BOL-67940,34F
CW-50180,Coca-Cola,Coca-Cola Distribution Center,Atlanta,GA,30301,Coca-Cola Southeast Plant,Charleston,SC,29401,2026-03-21,2026-03-22,Reefer,42000,320,2048,1516,184,348,17.0,6.40,in_transit,Beverages,Eagle Freight Inc,MC-391054,Jose Martin,Luka Cipovic,Brendaly Rivera,PO-29488,34F
CW-50181,Coca-Cola,Coca-Cola Southeast Plant,Savannah,GA,31401,Coca-Cola Distribution Center,Tampa,FL,33602,2026-03-22,2026-03-22,Reefer,42000,310,1984,1468,179,337,17.0,6.40,in_transit,Bottled Water,Gulf Coast Carriers,MC-334561,Daniel Davis,Natasa Parenta,Brendaly Rivera,BOL-29490,34F
CW-50182,FedEx Ground,FedEx Ground Sort Facility,Harrisburg,PA,17101,FedEx Ground Distribution,Edison,NJ,08817,2026-03-22,2026-03-22,Dry Van,23000,165,924,684,83,157,17.0,5.60,in_transit,Ground Parcels,Tri-State Hauling Inc,MC-345672,Victor Taylor,Milos Mandic,Robert Workman,BOL-78349,
CW-50183,Target,Target Distribution Center,Atlanta,GA,30301,Target Import Warehouse,Richmond,VA,23219,2026-03-22,2026-03-23,Dry Van,27000,540,3024,2238,272,514,17.0,5.60,in_transit,General Merchandise,Cardinal Logistics LLC,MC-678905,Robert Williams,Luka Cipovic,Robert Workman,PO-83378,
CW-50184,Performance Food Group,PFG Southeast DC,Charlotte,NC,28201,PFG Foodservice Warehouse,Augusta,GA,30901,2026-03-22,2026-03-23,Reefer,30000,220,1408,1042,127,239,17.0,6.40,in_transit,Frozen Entrees,Copperhead Carriers,MC-223451,Steven Anderson,Natasa Parenta,Ilija Tojagic,BOL-67935,-10F
CW-50185,FedEx Ground,FedEx Ground Distribution,Newark,NJ,07102,FedEx Ground Hub,Richmond,VA,23219,2026-03-22,2026-03-23,Dry Van,23000,330,1848,1368,166,314,17.0,5.60,in_transit,E-Commerce Packages,Tri-State Hauling Inc,MC-345672,Thomas Lopez,Milos Mandic,Robert Workman,BOL-78352,
CW-50186,Performance Food Group,PFG Foodservice Warehouse,Charlotte,NC,28201,PFG Southeast DC,Augusta,GA,30901,2026-03-16,2026-03-16,Reefer,31000,220,1408,1042,127,239,17.0,6.40,delivered,Fresh Produce,Coastal Freight Lines,MC-789016,Mark Hernandez,Luka Cipovic,Ilija Tojagic,BOL-67945,34F
CW-50187,Kroger,Kroger Distribution Center,Columbus,OH,43201,Kroger Fresh Foods DC,Cleveland,OH,44101,2026-03-17,2026-03-17,Reefer,33000,145,1160,859,104,197,17.0,8.00,delivered,Bakery Items,Redline Freight Corp,MC-667894,Carlos Taylor,Natasa Parenta,Ilija Tojagic,PO-55956,34F
CW-50188,Spartan Nash,Spartan Nash DC Grand Rapids,Grand Rapids,MI,49501,Spartan Nash Distribution,Lansing,MI,48901,2026-03-18,2026-03-18,Reefer,33000,62,868,680,69,119,13.7,14.00,delivered,Dairy Products,Wolverine Freight Inc,MC-112349,William Martin,Milos Mandic,Ilija Tojagic,PO-52010,34F
CW-50189,Boise Paper,Boise Cascade Packaging,Idaho Falls,ID,83401,Boise Paper Distribution,Dallas,TX,75201,2026-03-19,2026-03-22,Flatbed,44000,1540,7700,7469,577,-346,-4.5,5.00,delivered,Cardboard Rolls,Lone Star Freight,MC-912349,Jose Williams,Luka Cipovic,Robert Workman,PO-72195,
CW-50190,Kroger,Kroger Fresh Foods DC,Cleveland,OH,44101,Kroger Distribution Center,Cincinnati,OH,45201,2026-03-19,2026-03-19,Reefer,32000,250,1600,1184,144,272,17.0,6.40,delivered,Frozen Foods,Redline Freight Corp,MC-667894,Michael Brown,Natasa Parenta,Ilija Tojagic,PO-55965,-10F
CW-50191,Spartan Nash,Spartan Nash Distribution,Detroit,MI,48201,Spartan Nash DC Grand Rapids,Grand Rapids,MI,49501,2026-03-20,2026-03-20,Reefer,35000,75,900,702,72,126,14.0,12.00,cancelled,Grocery Products,Wolverine Freight Inc,MC-112349,Daniel Garcia,Milos Mandic,Ilija Tojagic,PO-52019,34F
CW-50192,Target,Target Regional DC,Charlotte,NC,28201,Target Distribution Center,Atlanta,GA,30301,2026-03-20,2026-03-21,Dry Van,26000,250,1400,1036,126,238,17.0,5.60,cancelled,Seasonal Products,Eagle Freight Inc,MC-391054,Robert Lopez,Luka Cipovic,Robert Workman,PO-83385,
CW-50193,Target,Target Import Warehouse,Newark,NJ,07102,Target Regional DC,Atlanta,GA,30301,2026-03-17,2026-03-18,Dry Van,27000,760,4256,3149,383,724,17.0,5.60,cancelled,General Merchandise,Swift Transport LLC,MC-284927,James Taylor,Natasa Parenta,Robert Workman,PO-83382,
CW-50194,Performance Food Group,PFG Southeast DC,Raleigh,NC,27601,PFG Customized Distribution,Savannah,GA,31401,2026-03-18,2026-03-18,Reefer,30000,290,1856,1374,167,315,17.0,6.40,cancelled,Fresh Produce,Eagle Freight Inc,MC-391054,Pedro Anderson,Milos Mandic,Ilija Tojagic,BOL-67950,34F
CW-50195,Coca-Cola,Coca-Cola Bottling Consolidated,Atlanta,GA,30301,Coca-Cola Distribution Center,Richmond,VA,23219,2026-03-19,2026-03-20,Reefer,42000,540,3456,2488,311,657,19.0,6.40,cancelled,Beverages,Carolina Freight Corp,MC-667895,Thomas Williams,Luka Cipovic,Brendaly Rivera,PO-29495,34F
CW-50196,Coca-Cola,Coca-Cola Bottling Consolidated,Atlanta,GA,30301,Coca-Cola Distribution Center,Greenville,SC,29601,2026-03-16,2026-03-17,Reefer,42000,170,1088,947,98,43,3.9,6.40,delivered,Syrup Concentrate,Patriot Trucking Corp,MC-502187,Victor Martin,Natasa Parenta,Brendaly Rivera,BOL-29492,34F
CW-50197,Performance Food Group,PFG Foodservice Warehouse,Richmond,VA,23219,PFG Southeast DC,Norfolk,VA,23501,2026-03-17,2026-03-17,Reefer,29000,92,920,819,74,27,2.9,10.00,delivered,Restaurant Supplies,Cardinal Logistics LLC,MC-678905,Mark Anderson,Milos Mandic,Ilija Tojagic,BOL-67942,34F
CW-50198,Boise Paper,Boise Paper Mill,Boise,ID,83701,Boise Paper Distribution,Rockford,IL,61101,2026-03-18,2026-03-21,Flatbed,46000,1640,8200,7954,574,-328,-4.0,5.00,delivered,Packaging Materials,Mountain West Transport,MC-729415,David Lopez,Luka Cipovic,Robert Workman,PO-72200,
CW-50199,Spartan Nash,Spartan Nash Regional Warehouse,Detroit,MI,48201,Spartan Nash Distribution,Cleveland,OH,44101,2026-03-19,2026-03-20,Reefer,34000,170,1088,947,98,43,3.9,6.40,delivered,Frozen Foods,Buckeye Freight Systems,MC-256783,Carlos Thomas,Natasa Parenta,Ilija Tojagic,PO-52022,-10F
CW-50200,FedEx Ground,FedEx Ground Hub,Jacksonville,FL,32202,FedEx Ground Sort Facility,Miami,FL,33101,2026-03-20,2026-03-20,Dry Van,22000,55,880,710,79,91,10.3,16.00,delivered,Ground Parcels,Seminole Express,MC-889016,William Garcia,Milos Mandic,Robert Workman,BOL-78355,
